sample_id,name,repeat,layer,grid_ix,grid_iy,timestamp,board_origin,cmd_x,cmd_y,cmd_z,detect_ok,tag_x_board_up,tag_y_board_up,tag_z_board_up,measured_x_machine,measured_y_machine,measured_z_machine,error_x_mm,error_y_mm,error_z_mm,error_xy_mm,reprojection_mean_px,reprojection_max_px,gear_ratio,gear_reduction,emm_wait_reached,emm_wait_s,settle_s,captured_at,emm_id1_deg,emm_id2_deg,emm_id3_deg,arm_id1_deg,arm_id2_deg,arm_id3_deg,emm_id1_reached,emm_id2_reached,emm_id3_reached,emm_status_json,image,overlay,error
0,z0_x0_y0,0,0,0,0,1782973481.0987115,center,-40.0,-20.0,55.0,True,-24.236867300819437,-27.54685697427736,121.7381919264883,-35.86103362189206,-18.42992797598675,54.56775723992283,4.138966378107938,1.5700720240132497,-0.4322427600771732,4.426756017638311,0.5370105617682752,0.54152948296943,50:20,2.5,True,0.1733379364013672,2.0,1782973481.0988815,-144.755859375,-104.8974609375,-69.93896484375,-57.90234375,-41.958984375,-27.9755859375,True,True,True,"{""1"": {""enabled"": true, ""raw"": ""01 3A 83 6B"", ""reached"": true, ""stall_protection"": false, ""stalled"": false, ""status"": 131}, ""2"": {""enabled"": true, ""raw"": ""02 3A 83 6B"", ""reached"": true, ""stall_protection"": false, ""stalled"": false, ""status"": 131}, ""3"": {""enabled"": true, ""raw"": ""03 3A 83 6B"", ""reached"": true, ""stall_protection"": false, ""stalled"": false, ""status"": 131}}",D:\ccy\Desktop\Delta_Robot\1 writer_bot\flutter\1.0\write_bot\02_visual\stage2_error_grid\images\0000_z0_x0_y0_r0.jpg,D:\ccy\Desktop\Delta_Robot\1 writer_bot\flutter\1.0\write_bot\02_visual\stage2_error_grid\overlays\0000_z0_x0_y0_r0_overlay.jpg,
1,z0_x1_y0,0,0,1,0,1782973484.6093974,center,-20.0,-20.0,55.0,True,-22.328234654737074,-9.364097200285551,121.54705252476808,-17.58147030724201,-18.093480948824837,54.376617838202606,2.418529692757989,1.906519051175163,-0.6233821617973945,3.0796267253103737,0.2785770572636518,0.28530115169626963,50:20,2.5,True,0.1854238510131836,2.0,1782973484.6094608,-122.816162109375,-110.797119140625,-76.212158203125,-49.12646484375,-44.31884765625,-30.48486328125,True,True,True,"{""1"": {""enabled"": true, ""raw"": ""01 3A 83 6B"", ""reached"": true, ""stall_protection"": false, ""stalled"": false, ""status"": 131}, ""2"": {""enabled"": true, ""raw"": ""02 3A 83 6B"", ""reached"": true, ""stall_protection"": false, ""stalled"": false, ""status"": 131}, ""3"": {""enabled"": true, ""raw"": ""03 3A 83 6B"", ""reached"": true, ""stall_protection"": false, ""stalled"": false, ""status"": 131}}",D:\ccy\Desktop\Delta_Robot\1 writer_bot\flutter\1.0\write_bot\02_visual\stage2_error_grid\images\0001_z0_x1_y0_r0.jpg,D:\ccy\Desktop\Delta_Robot\1 writer_bot\flutter\1.0\write_bot\02_visual\stage2_error_grid\overlays\0001_z0_x1_y0_r0_overlay.jpg,
2,z0_x2_y0,0,0,2,0,1782973488.1297112,center,0.0,-20.0,55.0,True,-20.625566532374872,8.696103956136056,121.63459007565427,0.558260626656891,-17.95168464749116,54.4641553890888,0.558260626656891,2.0483153525088404,-0.5358446109111981,2.1230286645730336,0.04373930543557843,0.04411565298192519,50:20,2.5,True,0.17593598365783691,2.0,1782973488.1297717,-102.32666015625,-119.15771484375,-85.0341796875,-40.9306640625,-47.6630859375,-34.013671875,True,True,True,"{""1"": {""enabled"": true, ""raw"": ""01 3A 83 6B"", ""reached"": true, ""stall_protection"": false, ""stalled"": false, ""status"": 131}, ""2"": {""enabled"": true, ""raw"": ""02 3A 83 6B"", ""reached"": true, ""stall_protection"": false, ""stalled"": false, ""status"": 131}, ""3"": {""enabled"": true, ""raw"": ""03 3A 83 6B"", ""reached"": true, ""stall_protection"": false, ""stalled"": false, ""status"": 131}}",D:\ccy\Desktop\Delta_Robot\1 writer_bot\flutter\1.0\write_bot\02_visual\stage2_error_grid\images\0002_z0_x2_y0_r0.jpg,D:\ccy\Desktop\Delta_Robot\1 writer_bot\flutter\1.0\write_bot\02_visual\stage2_error_grid\overlays\0002_z0_x2_y0_r0_overlay.jpg,
3,z0_x3_y0,0,0,3,0,1782973491.6420453,center,20.0,-20.0,55.0,True,-18.92732954859491,26.522265429455665,123.34868182910338,18.464439086059294,-17.79415780541092,56.17824714253791,-1.5355609139407065,2.2058421945890814,1.1782471425379129,2.6876917806645895,0.6091569016506848,0.6142724590121373,50:20,2.5,True,0.18154287338256836,2.0,1782973491.6422179,-83.463134765625,-129.693603515625,-96.339111328125,-33.38525390625,-51.87744140625,-38.53564453125,True,True,True,"{""1"": {""enabled"": true, ""raw"": ""01 3A 83 6B"", ""reached"": true, ""stall_protection"": false, ""stalled"": false, ""status"": 131}, ""2"": {""enabled"": true, ""raw"": ""02 3A 83 6B"", ""reached"": true, ""stall_protection"": false, ""stalled"": false, ""status"": 131}, ""3"": {""enabled"": true, ""raw"": ""03 3A 83 6B"", ""reached"": true, ""stall_protection"": false, ""stalled"": false, ""status"": 131}}",D:\ccy\Desktop\Delta_Robot\1 writer_bot\flutter\1.0\write_bot\02_visual\stage2_error_grid\images\0003_z0_x3_y0_r0.jpg,D:\ccy\Desktop\Delta_Robot\1 writer_bot\flutter\1.0\write_bot\02_visual\stage2_error_grid\overlays\0003_z0_x3_y0_r0_overlay.jpg,
4,z0_x4_y0,0,0,4,0,1782973495.151304,center,40.0,-20.0,55.0,True,-17.24111734265213,44.58598422659682,121.72592229695434,36.60625814334106,-17.669059130320896,54.555487610388866,-3.3937418566589415,2.330940869679104,-0.44451238961113404,4.1171311768729515,0.48189859552900827,0.4838846336233087,50:20,2.5,True,0.19167733192443848,2.0,1782973495.1514971,-67.1044921875,-142.371826171875,-110.23681640625,-26.841796875,-56.94873046875,-44.0947265625,True,True,True,"{""1"": {""enabled"": true, ""raw"": ""01 3A 83 6B"", ""reached"": true, ""stall_protection"": false, ""stalled"": false, ""status"": 131}, ""2"": {""enabled"": true, ""raw"": ""02 3A 83 6B"", ""reached"": true, ""stall_protection"": false, ""stalled"": false, ""status"": 131}, ""3"": {""enabled"": true, ""raw"": ""03 3A 83 6B"", ""reached"": true, ""stall_protection"": false, ""stalled"": false, ""status"": 131}}",D:\ccy\Desktop\Delta_Robot\1 writer_bot\flutter\1.0\write_bot\02_visual\stage2_error_grid\images\0004_z0_x4_y0_r0.jpg,D:\ccy\Desktop\Delta_Robot\1 writer_bot\flutter\1.0\write_bot\02_visual\stage2_error_grid\overlays\0004_z0_x4_y0_r0_overlay.jpg,
5,z0_x4_y1,0,0,4,1,1782973498.408481,center,40.0,-8.75,55.0,True,-7.125119483180249,43.49079400936334,124.38115263649681,36.385878744376896,-7.4963364256918235,57.210717949931336,-3.614121255623104,1.2536635743081765,2.210717949931336,3.8253816551938806,0.14219451642620176,0.14274745897719401,50:20,2.5,True,0.17310547828674316,2.0,1782973498.4086132,-66.11572265625,-132.626953125,-118.619384765625,-26.4462890625,-53.05078125,-47.44775390625,True,True,True,"{""1"": {""enabled"": true, ""raw"": ""01 3A 83 6B"", ""reached"": true, ""stall_protection"": false, ""stalled"": false, ""status"": 131}, ""2"": {""enabled"": true, ""raw"": ""02 3A 83 6B"", ""reached"": true, ""stall_protection"": false, ""stalled"": false, ""status"": 131}, ""3"": {""enabled"": true, ""raw"": ""03 3A 83 6B"", ""reached"": true, ""stall_protection"": false, ""stalled"": false, ""status"": 131}}",D:\ccy\Desktop\Delta_Robot\1 writer_bot\flutter\1.0\write_bot\02_visual\stage2_error_grid\images\0005_z0_x4_y1_r0.jpg,D:\ccy\Desktop\Delta_Robot\1 writer_bot\flutter\1.0\write_bot\02_visual\stage2_error_grid\overlays\0005_z0_x4_y1_r0_overlay.jpg,
6,z0_x3_y1,0,0,3,1,1782973501.9247074,center,20.0,-8.75,55.0,True,-8.131862373278647,26.074513912457583,123.01552256731654,18.947581556882998,-7.00021662032049,55.845087880751066,-1.052418443117002,1.74978337967951,0.8450878807510662,2.0418928608561866,0.2562588396718011,0.2585135643786195,50:20,2.5,True,0.17210745811462402,2.0,1782973501.9248426,-82.408447265625,-119.542236328125,-105.00732421875,-32.96337890625,-47.81689453125,-42.0029296875,True,True,True,"{""1"": {""enabled"": true, ""raw"": ""01 3A 83 6B"", ""reached"": true, ""stall_protection"": false, ""stalled"": false, ""status"": 131}, ""2"": {""enabled"": true, ""raw"": ""02 3A 83 6B"", ""reached"": true, ""stall_protection"": false, ""stalled"": false, ""status"": 131}, ""3"": {""enabled"": true, ""raw"": ""03 3A 83 6B"", ""reached"": true, ""stall_protection"": false, ""stalled"": false, ""status"": 131}}",D:\ccy\Desktop\Delta_Robot\1 writer_bot\flutter\1.0\write_bot\02_visual\stage2_error_grid\images\0006_z0_x3_y1_r0.jpg,D:\ccy\Desktop\Delta_Robot\1 writer_bot\flutter\1.0\write_bot\02_visual\stage2_error_grid\overlays\0006_z0_x3_y1_r0_overlay.jpg,
7,z0_x2_y1,0,0,2,1,1782973505.4431214,center,0.0,-8.75,55.0,True,-10.037944801886653,8.23014146185869,124.3031280748373,1.0053691747183966,-7.3632499709098305,57.13269338827183,1.0053691747183966,1.3867500290901695,2.132693388271832,1.7128464089507662,0.2406828532412333,0.24272207570533108,50:20,2.5,True,0.18993067741394043,2.0,1782973505.4433439,-101.31591796875,-108.74267578125,-93.7353515625,-40.5263671875,-43.4970703125,-37.494140625,True,True,True,"{""1"": {""enabled"": true, ""raw"": ""01 3A 83 6B"", ""reached"": true, ""stall_protection"": false, ""stalled"": false, ""status"": 131}, ""2"": {""enabled"": true, ""raw"": ""02 3A 83 6B"", ""reached"": true, ""stall_protection"": false, ""stalled"": false, ""status"": 131}, ""3"": {""enabled"": true, ""raw"": ""03 3A 83 6B"", ""reached"": true, ""stall_protection"": false, ""stalled"": false, ""status"": 131}}",D:\ccy\Desktop\Delta_Robot\1 writer_bot\flutter\1.0\write_bot\02_visual\stage2_error_grid\images\0007_z0_x2_y1_r0.jpg,D:\ccy\Desktop\Delta_Robot\1 writer_bot\flutter\1.0\write_bot\02_visual\stage2_error_grid\overlays\0007_z0_x2_y1_r0_overlay.jpg,
8,z0_x1_y1,0,0,1,1,1782973508.95053,center,-20.0,-8.75,55.0,True,-11.751935345414921,-9.900234148488828,124.2583695303517,-17.20525035527831,-7.5102863245470886,57.08793484378623,2.7947496447216906,1.2397136754529114,2.087934843786229,3.0573706961663945,0.5436878104529833,0.552936846584162,50:20,2.5,True,0.17519927024841309,2.0,1782973508.9506178,-121.915283203125,-100.21728515625,-84.92431640625,-48.76611328125,-40.0869140625,-33.9697265625,True,True,True,"{""1"": {""enabled"": true, ""raw"": ""01 3A 83 6B"", ""reached"": true, ""stall_protection"": false, ""stalled"": false, ""status"": 131}, ""2"": {""enabled"": true, ""raw"": ""02 3A 83 6B"", ""reached"": true, ""stall_protection"": false, ""stalled"": false, ""status"": 131}, ""3"": {""enabled"": true, ""raw"": ""03 3A 83 6B"", ""reached"": true, ""stall_protection"": false, ""stalled"": false, ""status"": 131}}",D:\ccy\Desktop\Delta_Robot\1 writer_bot\flutter\1.0\write_bot\02_visual\stage2_error_grid\images\0008_z0_x1_y1_r0.jpg,D:\ccy\Desktop\Delta_Robot\1 writer_bot\flutter\1.0\write_bot\02_visual\stage2_error_grid\overlays\0008_z0_x1_y1_r0_overlay.jpg,
9,z0_x0_y1,0,0,0,1,1782973512.4632354,center,-40.0,-8.75,55.0,True,-13.60589815778167,-28.33952258433845,120.4710303911987,-35.73568447292222,-7.770185423727467,53.300595704633224,4.264315527077777,0.979814576272533,-1.6994042953667758,4.3754340948473605,0.17912680222847083,0.1792837236598708,50:20,2.5,True,0.18523812294006348,2.0,1782973512.463373,-143.778076171875,-93.988037109375,-78.7939453125,-57.51123046875,-37.59521484375,-31.517578125,True,True,True,"{""1"": {""enabled"": true, ""raw"": ""01 3A 83 6B"", ""reached"": true, ""stall_protection"": false, ""stalled"": false, ""status"": 131}, ""2"": {""enabled"": true, ""raw"": ""02 3A 83 6B"", ""reached"": true, ""stall_protection"": false, ""stalled"": false, ""status"": 131}, ""3"": {""enabled"": true, ""raw"": ""03 3A 83 6B"", ""reached"": true, ""stall_protection"": false, ""stalled"": false, ""status"": 131}}",D:\ccy\Desktop\Delta_Robot\1 writer_bot\flutter\1.0\write_bot\02_visual\stage2_error_grid\images\0009_z0_x0_y1_r0.jpg,D:\ccy\Desktop\Delta_Robot\1 writer_bot\flutter\1.0\write_bot\02_visual\stage2_error_grid\overlays\0009_z0_x0_y1_r0_overlay.jpg,
10,z0_x0_y2,0,0,0,2,1782973515.9744005,center,-40.0,2.5,55.0,True,-3.529561507018032,-28.89171050693136,121.36340502491095,-35.41849078086001,2.31628372871116,54.192970338345475,4.581509219139988,-0.18371627128883983,-0.8070296616545249,4.585191205762414,0.2325307133365075,0.23540890237523512,50:20,2.5,True,0.18732452392578125,2.0,1782973515.974455,-143.3935546875,-84.0234375,-88.472900390625,-57.357421875,-33.609375,-35.38916015625,True,True,True,"{""1"": {""enabled"": true, ""raw"": ""01 3A 83 6B"", ""reached"": true, ""stall_protection"": false, ""stalled"": false, ""status"": 131}, ""2"": {""enabled"": true, ""raw"": ""02 3A 83 6B"", ""reached"": true, ""stall_protection"": false, ""stalled"": false, ""status"": 131}, ""3"": {""enabled"": true, ""raw"": ""03 3A 83 6B"", ""reached"": true, ""stall_protection"": false, ""stalled"": false, ""status"": 131}}",D:\ccy\Desktop\Delta_Robot\1 writer_bot\flutter\1.0\write_bot\02_visual\stage2_error_grid\images\0010_z0_x0_y2_r0.jpg,D:\ccy\Desktop\Delta_Robot\1 writer_bot\flutter\1.0\write_bot\02_visual\stage2_error_grid\overlays\0010_z0_x0_y2_r0_overlay.jpg,
11,z0_x1_y2,0,0,1,2,1782973519.4839718,center,-20.0,2.5,55.0,True,-1.5924575083469854,-10.970461883530358,122.73579032279548,-17.397017329965703,2.703606310200253,55.56535563623001,2.6029826700342973,0.20360631020025322,0.5653556362300094,2.610933608893999,0.4946555109545173,0.501726755939018,50:20,2.5,True,0.17152070999145508,2.0,1782973519.4840236,-121.585693359375,-90.208740234375,-94.59228515625,-48.63427734375,-36.08349609375,-37.8369140625,True,True,True,"{""1"": {""enabled"": true, ""raw"": ""01 3A 83 6B"", ""reached"": true, ""stall_protection"": false, ""stalled"": false, ""status"": 131}, ""2"": {""enabled"": true, ""raw"": ""02 3A 83 6B"", ""reached"": true, ""stall_protection"": false, ""stalled"": false, ""status"": 131}, ""3"": {""enabled"": true, ""raw"": ""03 3A 83 6B"", ""reached"": true, ""stall_protection"": false, ""stalled"": false, ""status"": 131}}",D:\ccy\Desktop\Delta_Robot\1 writer_bot\flutter\1.0\write_bot\02_visual\stage2_error_grid\images\0011_z0_x1_y2_r0.jpg,D:\ccy\Desktop\Delta_Robot\1 writer_bot\flutter\1.0\write_bot\02_visual\stage2_error_grid\overlays\0011_z0_x1_y2_r0_overlay.jpg,
12,z0_x2_y2,0,0,2,2,1782973523.246359,center,0.0,2.5,55.0,True,0.046973570786738694,7.215209539846628,124.33589078282881,0.8622749948595754,2.771600271964751,57.16545609626334,0.8622749948595754,0.271600271964751,2.165456096263341,0.9040380934957373,0.4717952307876092,0.47692934066444653,50:20,2.5,True,0.185927152633667,2.0,1782973523.2464147,-100.986328125,-98.931884765625,-103.24951171875,-40.39453125,-39.57275390625,-41.2998046875,True,True,True,"{""1"": {""enabled"": true, ""raw"": ""01 3A 83 6B"", ""reached"": true, ""stall_protection"": false, ""stalled"": false, ""status"": 131}, ""2"": {""enabled"": true, ""raw"": ""02 3A 83 6B"", ""reached"": true, ""stall_protection"": false, ""stalled"": false, ""status"": 131}, ""3"": {""enabled"": true, ""raw"": ""03 3A 83 6B"", ""reached"": true, ""stall_protection"": false, ""stalled"": false, ""status"": 131}}",D:\ccy\Desktop\Delta_Robot\1 writer_bot\flutter\1.0\write_bot\02_visual\stage2_error_grid\images\0012_z0_x2_y2_r0.jpg,D:\ccy\Desktop\Delta_Robot\1 writer_bot\flutter\1.0\write_bot\02_visual\stage2_error_grid\overlays\0012_z0_x2_y2_r0_overlay.jpg,
13,z0_x3_y2,0,0,3,2,1782973526.7568092,center,20.0,2.5,55.0,True,1.8366990112706159,25.136592205419014,123.30584616060099,18.87119621246075,3.0120797439117633,56.13541147403552,-1.1288037875392511,0.5120797439117633,1.1354114740355215,1.2395255765363198,0.1538373687095366,0.15459855517633236,50:20,2.5,True,0.19275593757629395,2.0,1782973526.7568831,-82.122802734375,-110.028076171875,-114.290771484375,-32.84912109375,-44.01123046875,-45.71630859375,True,True,True,"{""1"": {""enabled"": true, ""raw"": ""01 3A 83 6B"", ""reached"": true, ""stall_protection"": false, ""stalled"": false, ""status"": 131}, ""2"": {""enabled"": true, ""raw"": ""02 3A 83 6B"", ""reached"": true, ""stall_protection"": false, ""stalled"": false, ""status"": 131}, ""3"": {""enabled"": true, ""raw"": ""03 3A 83 6B"", ""reached"": true, ""stall_protection"": false, ""stalled"": false, ""status"": 131}}",D:\ccy\Desktop\Delta_Robot\1 writer_bot\flutter\1.0\write_bot\02_visual\stage2_error_grid\images\0013_z0_x3_y2_r0.jpg,D:\ccy\Desktop\Delta_Robot\1 writer_bot\flutter\1.0\write_bot\02_visual\stage2_error_grid\overlays\0013_z0_x3_y2_r0_overlay.jpg,
14,z0_x4_y2,0,0,4,2,1782973530.2680688,center,40.0,2.5,55.0,True,3.199657229522513,42.44577799719764,123.35354534870135,36.23345821060011,2.8800714601680615,56.183110662135874,-3.766541789399888,0.3800714601680615,1.1831106621358742,3.785669209813503,0.46709249960259047,0.4707746061054386,50:20,2.5,True,0.18875408172607422,2.0,1782973530.2683148,-65.89599609375,-123.409423828125,-127.50732421875,-26.3583984375,-49.36376953125,-51.0029296875,True,True,True,"{""1"": {""enabled"": true, ""raw"": ""01 3A 83 6B"", ""reached"": true, ""stall_protection"": false, ""stalled"": false, ""status"": 131}, ""2"": {""enabled"": true, ""raw"": ""02 3A 83 6B"", ""reached"": true, ""stall_protection"": false, ""stalled"": false, ""status"": 131}, ""3"": {""enabled"": true, ""raw"": ""03 3A 83 6B"", ""reached"": true, ""stall_protection"": false, ""stalled"": false, ""status"": 131}}",D:\ccy\Desktop\Delta_Robot\1 writer_bot\flutter\1.0\write_bot\02_visual\stage2_error_grid\images\0014_z0_x4_y2_r0.jpg,D:\ccy\Desktop\Delta_Robot\1 writer_bot\flutter\1.0\write_bot\02_visual\stage2_error_grid\overlays\0014_z0_x4_y2_r0_overlay.jpg,
15,z0_x4_y3,0,0,4,3,1782973533.5272136,center,40.0,13.75,55.0,True,13.063507847974735,42.049656873148834,122.87255079822202,36.6878494905732,12.741409580968018,55.70211611165655,-3.3121505094268002,-1.0085904190319823,0.7021161116565509,3.462310735687847,0.1519997038874913,0.15257428988238064,50:20,2.5,True,0.17843198776245117,2.0,1782973533.527394,-66.434326171875,-114.7412109375,-137.010498046875,-26.57373046875,-45.896484375,-54.80419921875,True,True,True,"{""1"": {""enabled"": true, ""raw"": ""01 3A 83 6B"", ""reached"": true, ""stall_protection"": false, ""stalled"": false, ""status"": 131}, ""2"": {""enabled"": true, ""raw"": ""02 3A 83 6B"", ""reached"": true, ""stall_protection"": false, ""stalled"": false, ""status"": 131}, ""3"": {""enabled"": true, ""raw"": ""03 3A 83 6B"", ""reached"": true, ""stall_protection"": false, ""stalled"": false, ""status"": 131}}",D:\ccy\Desktop\Delta_Robot\1 writer_bot\flutter\1.0\write_bot\02_visual\stage2_error_grid\images\0015_z0_x4_y3_r0.jpg,D:\ccy\Desktop\Delta_Robot\1 writer_bot\flutter\1.0\write_bot\02_visual\stage2_error_grid\overlays\0015_z0_x4_y3_r0_overlay.jpg,
16,z0_x3_y3,0,0,3,3,1782973537.0408058,center,20.0,13.75,55.0,True,12.473620838139745,24.46675655982976,123.5593297571528,19.11943183409361,13.667180157290296,56.388895070587324,-0.8805681659063893,-0.08281984270970355,1.3888950705873242,0.8844543069905887,0.19574479641406695,0.19758359102997003,50:20,2.5,True,0.17235684394836426,2.0,1782973537.0410419,-82.913818359375,-100.975341796875,-124.134521484375,-33.16552734375,-40.39013671875,-49.65380859375,True,True,True,"{""1"": {""enabled"": true, ""raw"": ""01 3A 83 6B"", ""reached"": true, ""stall_protection"": false, ""stalled"": false, ""status"": 131}, ""2"": {""enabled"": true, ""raw"": ""02 3A 83 6B"", ""reached"": true, ""stall_protection"": false, ""stalled"": false, ""status"": 131}, ""3"": {""enabled"": true, ""raw"": ""03 3A 83 6B"", ""reached"": true, ""stall_protection"": false, ""stalled"": false, ""status"": 131}}",D:\ccy\Desktop\Delta_Robot\1 writer_bot\flutter\1.0\write_bot\02_visual\stage2_error_grid\images\0016_z0_x3_y3_r0.jpg,D:\ccy\Desktop\Delta_Robot\1 writer_bot\flutter\1.0\write_bot\02_visual\stage2_error_grid\overlays\0016_z0_x3_y3_r0_overlay.jpg,
17,z0_x2_y3,0,0,2,3,1782973540.5532982,center,0.0,13.75,55.0,True,10.607845007211354,6.666513378095588,123.53840029561704,1.2246543742193405,13.34050533162086,56.367965609051566,1.2246543742193405,-0.40949466837913917,1.3679656090515664,1.2913033027625638,0.10146577497150153,0.10230061453282582,50:20,2.5,True,0.1793379783630371,2.0,1782973540.553532,-101.77734375,-89.75830078125,-113.302001953125,-40.7109375,-35.9033203125,-45.32080078125,True,True,True,"{""1"": {""enabled"": true, ""raw"": ""01 3A 83 6B"", ""reached"": true, ""stall_protection"": false, ""stalled"": false, ""status"": 131}, ""2"": {""enabled"": true, ""raw"": ""02 3A 83 6B"", ""reached"": true, ""stall_protection"": false, ""stalled"": false, ""status"": 131}, ""3"": {""enabled"": true, ""raw"": ""03 3A 83 6B"", ""reached"": true, ""stall_protection"": false, ""stalled"": false, ""status"": 131}}",D:\ccy\Desktop\Delta_Robot\1 writer_bot\flutter\1.0\write_bot\02_visual\stage2_error_grid\images\0017_z0_x2_y3_r0.jpg,D:\ccy\Desktop\Delta_Robot\1 writer_bot\flutter\1.0\write_bot\02_visual\stage2_error_grid\overlays\0017_z0_x2_y3_r0_overlay.jpg,
18,z0_x1_y3,0,0,1,3,1782973544.0641322,center,-20.0,13.75,55.0,True,8.864039489872216,-11.050399206715976,124.4578253710747,-16.576603030873006,13.128175357755623,57.28739068450923,3.423396969126994,-0.621824642244377,2.2873906845092336,3.479412693822082,0.3001632245084761,0.30813848699749824,50:20,2.5,True,0.176408052444458,2.0,1782973544.0644112,-122.244873046875,-80.848388671875,-104.87548828125,-48.89794921875,-32.33935546875,-41.9501953125,True,True,True,"{""1"": {""enabled"": true, ""raw"": ""01 3A 83 6B"", ""reached"": true, ""stall_protection"": false, ""stalled"": false, ""status"": 131}, ""2"": {""enabled"": true, ""raw"": ""02 3A 83 6B"", ""reached"": true, ""stall_protection"": false, ""stalled"": false, ""status"": 131}, ""3"": {""enabled"": true, ""raw"": ""03 3A 83 6B"", ""reached"": true, ""stall_protection"": false, ""stalled"": false, ""status"": 131}}",D:\ccy\Desktop\Delta_Robot\1 writer_bot\flutter\1.0\write_bot\02_visual\stage2_error_grid\images\0018_z0_x1_y3_r0.jpg,D:\ccy\Desktop\Delta_Robot\1 writer_bot\flutter\1.0\write_bot\02_visual\stage2_error_grid\overlays\0018_z0_x1_y3_r0_overlay.jpg,
19,z0_x0_y3,0,0,0,3,1782973547.5764322,center,-40.0,13.75,55.0,True,7.119432113969829,-29.697628668686082,120.06437140879066,-35.304793519994234,12.99512459072226,52.89393672222519,4.695206480005766,-0.7548754092777408,-2.1060632777748083,4.755502157860972,0.15245760207799292,0.15541083906154848,50:20,2.5,True,0.19980549812316895,2.0,1782973547.5766582,-144.0966796875,-74.68505859375,-98.7890625,-57.638671875,-29.8740234375,-39.515625,True,True,True,"{""1"": {""enabled"": true, ""raw"": ""01 3A 83 6B"", ""reached"": true, ""stall_protection"": false, ""stalled"": false, ""status"": 131}, ""2"": {""enabled"": true, ""raw"": ""02 3A 83 6B"", ""reached"": true, ""stall_protection"": false, ""stalled"": false, ""status"": 131}, ""3"": {""enabled"": true, ""raw"": ""03 3A 83 6B"", ""reached"": true, ""stall_protection"": false, ""stalled"": false, ""status"": 131}}",D:\ccy\Desktop\Delta_Robot\1 writer_bot\flutter\1.0\write_bot\02_visual\stage2_error_grid\images\0019_z0_x0_y3_r0.jpg,D:\ccy\Desktop\Delta_Robot\1 writer_bot\flutter\1.0\write_bot\02_visual\stage2_error_grid\overlays\0019_z0_x0_y3_r0_overlay.jpg,
20,z0_x0_y4,0,0,0,4,1782973550.8357878,center,-40.0,25.0,55.0,True,17.32316967467001,-30.800491452920273,118.98919838226911,-35.52526471455287,23.255921781041458,51.81876369570364,4.474735285447132,-1.744078218958542,-3.1812363042963625,4.802610197452133,0.3016609155453326,0.30429921124598064,50:20,2.5,True,0.1732923984527588,2.0,1782973550.8360455,-145.316162109375,-66.214599609375,-109.84130859375,-58.12646484375,-26.48583984375,-43.9365234375,True,True,True,"{""1"": {""enabled"": true, ""raw"": ""01 3A 83 6B"", ""reached"": true, ""stall_protection"": false, ""stalled"": false, ""status"": 131}, ""2"": {""enabled"": true, ""raw"": ""02 3A 83 6B"", ""reached"": true, ""stall_protection"": false, ""stalled"": false, ""status"": 131}, ""3"": {""enabled"": true, ""raw"": ""03 3A 83 6B"", ""reached"": true, ""stall_protection"": false, ""stalled"": false, ""status"": 131}}",D:\ccy\Desktop\Delta_Robot\1 writer_bot\flutter\1.0\write_bot\02_visual\stage2_error_grid\images\0020_z0_x0_y4_r0.jpg,D:\ccy\Desktop\Delta_Robot\1 writer_bot\flutter\1.0\write_bot\02_visual\stage2_error_grid\overlays\0020_z0_x0_y4_r0_overlay.jpg,
21,z0_x1_y4,0,0,1,4,1782973554.348534,center,-20.0,25.0,55.0,True,18.89305411739036,-12.426183263956297,122.93049364402265,-17.08402204420518,23.238390099097103,55.760058957457176,2.915977955794819,-1.7616099009028972,0.7600589574571757,3.4067868852689402,0.04989791324430379,0.05076374001586056,50:20,2.5,True,0.17688417434692383,2.0,1782973554.3487382,-123.59619140625,-72.432861328125,-115.751953125,-49.4384765625,-28.97314453125,-46.30078125,True,True,True,"{""1"": {""enabled"": true, ""raw"": ""01 3A 83 6B"", ""reached"": true, ""stall_protection"": false, ""stalled"": false, ""status"": 131}, ""2"": {""enabled"": true, ""raw"": ""02 3A 83 6B"", ""reached"": true, ""stall_protection"": false, ""stalled"": false, ""status"": 131}, ""3"": {""enabled"": true, ""raw"": ""03 3A 83 6B"", ""reached"": true, ""stall_protection"": false, ""stalled"": false, ""status"": 131}}",D:\ccy\Desktop\Delta_Robot\1 writer_bot\flutter\1.0\write_bot\02_visual\stage2_error_grid\images\0021_z0_x1_y4_r0.jpg,D:\ccy\Desktop\Delta_Robot\1 writer_bot\flutter\1.0\write_bot\02_visual\stage2_error_grid\overlays\0021_z0_x1_y4_r0_overlay.jpg,
22,z0_x2_y4,0,0,2,4,1782973558.1146498,center,0.0,25.0,55.0,True,20.281491788260155,5.770215772949026,124.20495238905858,1.164353534553239,23.055398807630922,57.034517702493105,1.164353534553239,-1.9446011923690776,2.0345177024931047,2.2665376570420928,0.31507296838829474,0.31861681900674926,50:20,2.5,True,0.18210577964782715,2.0,1782973558.1148722,-102.908935546875,-81.36474609375,-123.914794921875,-41.16357421875,-32.5458984375,-49.56591796875,True,True,True,"{""1"": {""enabled"": true, ""raw"": ""01 3A 83 6B"", ""reached"": true, ""stall_protection"": false, ""stalled"": false, ""status"": 131}, ""2"": {""enabled"": true, ""raw"": ""02 3A 83 6B"", ""reached"": true, ""stall_protection"": false, ""stalled"": false, ""status"": 131}, ""3"": {""enabled"": true, ""raw"": ""03 3A 83 6B"", ""reached"": true, ""stall_protection"": false, ""stalled"": false, ""status"": 131}}",D:\ccy\Desktop\Delta_Robot\1 writer_bot\flutter\1.0\write_bot\02_visual\stage2_error_grid\images\0022_z0_x2_y4_r0.jpg,D:\ccy\Desktop\Delta_Robot\1 writer_bot\flutter\1.0\write_bot\02_visual\stage2_error_grid\overlays\0022_z0_x2_y4_r0_overlay.jpg,
23,z0_x3_y4,0,0,3,4,1782973561.6218743,center,20.0,25.0,55.0,True,21.82992694366287,23.242773592195263,122.74289652849592,18.705346354425153,23.094116640625508,55.57246184193045,-1.2946536455748472,-1.9058833593744922,0.5724618419304477,2.3040224481416933,0.4648497817710019,0.47230253790851195,50:20,2.5,True,0.18541741371154785,2.0,1782973561.62212,-84.22119140625,-92.691650390625,-134.3902587890625,-33.6884765625,-37.07666015625,-53.756103515625,True,True,True,"{""1"": {""enabled"": true, ""raw"": ""01 3A 83 6B"", ""reached"": true, ""stall_protection"": false, ""stalled"": false, ""status"": 131}, ""2"": {""enabled"": true, ""raw"": ""02 3A 83 6B"", ""reached"": true, ""stall_protection"": false, ""stalled"": false, ""status"": 131}, ""3"": {""enabled"": true, ""raw"": ""03 3A 83 6B"", ""reached"": true, ""stall_protection"": false, ""stalled"": false, ""status"": 131}}",D:\ccy\Desktop\Delta_Robot\1 writer_bot\flutter\1.0\write_bot\02_visual\stage2_error_grid\images\0023_z0_x3_y4_r0.jpg,D:\ccy\Desktop\Delta_Robot\1 writer_bot\flutter\1.0\write_bot\02_visual\stage2_error_grid\overlays\0023_z0_x3_y4_r0_overlay.jpg,
24,z0_x4_y4,0,0,4,4,1782973565.1352649,center,40.0,25.0,55.0,True,23.036764619317786,40.764670378949205,123.85794291770793,36.266091629447125,22.788257903899634,56.68750823114246,-3.733908370552875,-2.211742096100366,1.6875082311424592,4.339801241917337,0.2191314010518815,0.22051403500407538,50:20,2.5,True,0.18520665168762207,2.0,1782973565.1355743,-67.862548828125,-106.67724609375,-146.898193359375,-27.14501953125,-42.6708984375,-58.75927734375,True,True,True,"{""1"": {""enabled"": true, ""raw"": ""01 3A 83 6B"", ""reached"": true, ""stall_protection"": false, ""stalled"": false, ""status"": 131}, ""2"": {""enabled"": true, ""raw"": ""02 3A 83 6B"", ""reached"": true, ""stall_protection"": false, ""stalled"": false, ""status"": 131}, ""3"": {""enabled"": true, ""raw"": ""03 3A 83 6B"", ""reached"": true, ""stall_protection"": false, ""stalled"": false, ""status"": 131}}",D:\ccy\Desktop\Delta_Robot\1 writer_bot\flutter\1.0\write_bot\02_visual\stage2_error_grid\images\0024_z0_x4_y4_r0.jpg,D:\ccy\Desktop\Delta_Robot\1 writer_bot\flutter\1.0\write_bot\02_visual\stage2_error_grid\overlays\0024_z0_x4_y4_r0_overlay.jpg,
25,z1_x0_y0,0,1,0,0,1782973570.1454303,center,-40.0,-20.0,65.0,True,-24.04982637095163,-27.790507396428637,130.84045962437304,-36.08767998846184,-18.222608748270115,63.67002493780757,3.9123200115381565,1.7773912517298847,-1.3299750621924318,4.297134805240329,0.6522388603434568,0.6576556567441381,50:20,2.5,True,0.19988632202148438,2.0,1782973570.145665,-137.57080078125,-94.932861328125,-57.689208984375,-55.0283203125,-37.97314453125,-23.07568359375,True,True,True,"{""1"": {""enabled"": true, ""raw"": ""01 3A 83 6B"", ""reached"": true, ""stall_protection"": false, ""stalled"": false, ""status"": 131}, ""2"": {""enabled"": true, ""raw"": ""02 3A 83 6B"", ""reached"": true, ""stall_protection"": false, ""stalled"": false, ""status"": 131}, ""3"": {""enabled"": true, ""raw"": ""03 3A 83 6B"", ""reached"": true, ""stall_protection"": false, ""stalled"": false, ""status"": 131}}",D:\ccy\Desktop\Delta_Robot\1 writer_bot\flutter\1.0\write_bot\02_visual\stage2_error_grid\images\0025_z1_x0_y0_r0.jpg,D:\ccy\Desktop\Delta_Robot\1 writer_bot\flutter\1.0\write_bot\02_visual\stage2_error_grid\overlays\0025_z1_x0_y0_r0_overlay.jpg,
26,z1_x1_y0,0,1,1,0,1782973573.658447,center,-20.0,-20.0,65.0,True,-22.605387749457464,-9.521108028460104,130.7038268421046,-17.76175466900923,-18.356090520202834,63.53339215553913,2.2382453309907717,1.6439094797971663,-1.4666078444608672,2.7770812986783406,0.010458865511573842,0.01046492743782374,50:20,2.5,True,0.1741623878479004,2.0,1782973573.6585944,-114.19189453125,-101.3818359375,-64.281005859375,-45.6767578125,-40.552734375,-25.71240234375,True,True,True,"{""1"": {""enabled"": true, ""raw"": ""01 3A 83 6B"", ""reached"": true, ""stall_protection"": false, ""stalled"": false, ""status"": 131}, ""2"": {""enabled"": true, ""raw"": ""02 3A 83 6B"", ""reached"": true, ""stall_protection"": false, ""stalled"": false, ""status"": 131}, ""3"": {""enabled"": true, ""raw"": ""03 3A 83 6B"", ""reached"": true, ""stall_protection"": false, ""stalled"": false, ""status"": 131}}",D:\ccy\Desktop\Delta_Robot\1 writer_bot\flutter\1.0\write_bot\02_visual\stage2_error_grid\images\0026_z1_x1_y0_r0.jpg,D:\ccy\Desktop\Delta_Robot\1 writer_bot\flutter\1.0\write_bot\02_visual\stage2_error_grid\overlays\0026_z1_x1_y0_r0_overlay.jpg,
27,z1_x2_y0,0,1,2,0,1782973577.4223688,center,0.0,-20.0,65.0,True,-20.744224930701613,8.689965176145202,133.39715825625902,0.5419309730077915,-18.069374249941603,66.22672356969355,0.5419309730077915,1.9306257500583968,1.2267235696935472,2.005244365730451,0.3734589965329138,0.3771029950711523,50:20,2.5,True,0.20221495628356934,2.0,1782973577.4225948,-92.17529296875,-110.269775390625,-73.7841796875,-36.8701171875,-44.10791015625,-29.513671875,True,True,True,"{""1"": {""enabled"": true, ""raw"": ""01 3A 83 6B"", ""reached"": true, ""stall_protection"": false, ""stalled"": false, ""status"": 131}, ""2"": {""enabled"": true, ""raw"": ""02 3A 83 6B"", ""reached"": true, ""stall_protection"": false, ""stalled"": false, ""status"": 131}, ""3"": {""enabled"": true, ""raw"": ""03 3A 83 6B"", ""reached"": true, ""stall_protection"": false, ""stalled"": false, ""status"": 131}}",D:\ccy\Desktop\Delta_Robot\1 writer_bot\flutter\1.0\write_bot\02_visual\stage2_error_grid\images\0027_z1_x2_y0_r0.jpg,D:\ccy\Desktop\Delta_Robot\1 writer_bot\flutter\1.0\write_bot\02_visual\stage2_error_grid\overlays\0027_z1_x2_y0_r0_overlay.jpg,
28,z1_x3_y0,0,1,3,0,1782973580.9330268,center,20.0,-20.0,65.0,True,-19.040344482241032,26.62544268705538,132.64378921617865,18.557505517910506,-17.915634391530705,65.47335452961318,-1.4424944820894936,2.0843656084692945,0.47335452961317515,2.534831418581561,0.7222352534228358,0.7311600527018832,50:20,2.5,True,0.17783355712890625,2.0,1782973580.9331446,-72.103271484375,-121.53076171875,-85.946044921875,-28.84130859375,-48.6123046875,-34.37841796875,True,True,True,"{""1"": {""enabled"": true, ""raw"": ""01 3A 83 6B"", ""reached"": true, ""stall_protection"": false, ""stalled"": false, ""status"": 131}, ""2"": {""enabled"": true, ""raw"": ""02 3A 83 6B"", ""reached"": true, ""stall_protection"": false, ""stalled"": false, ""status"": 131}, ""3"": {""enabled"": true, ""raw"": ""03 3A 83 6B"", ""reached"": true, ""stall_protection"": false, ""stalled"": false, ""status"": 131}}",D:\ccy\Desktop\Delta_Robot\1 writer_bot\flutter\1.0\write_bot\02_visual\stage2_error_grid\images\0028_z1_x3_y0_r0.jpg,D:\ccy\Desktop\Delta_Robot\1 writer_bot\flutter\1.0\write_bot\02_visual\stage2_error_grid\overlays\0028_z1_x3_y0_r0_overlay.jpg,
29,z1_x4_y0,0,1,4,0,1782973584.4451876,center,40.0,-20.0,65.0,False,,,,,,,,,,,,,50:20,2.5,True,0.1918628215789795,2.0,1782973584.445333,-54.73388671875,-135.010986328125,-100.667724609375,-21.8935546875,-54.00439453125,-40.26708984375,True,True,True,"{""1"": {""enabled"": true, ""raw"": ""01 3A 83 6B"", ""reached"": true, ""stall_protection"": false, ""stalled"": false, ""status"": 131}, ""2"": {""enabled"": true, ""raw"": ""02 3A 83 6B"", ""reached"": true, ""stall_protection"": false, ""stalled"": false, ""status"": 131}, ""3"": {""enabled"": true, ""raw"": ""03 3A 83 6B"", ""reached"": true, ""stall_protection"": false, ""stalled"": false, ""status"": 131}}",D:\ccy\Desktop\Delta_Robot\1 writer_bot\flutter\1.0\write_bot\02_visual\stage2_error_grid\images\0029_z1_x4_y0_r0.jpg,D:\ccy\Desktop\Delta_Robot\1 writer_bot\flutter\1.0\write_bot\02_visual\stage2_error_grid\overlays\0029_z1_x4_y0_r0_overlay.jpg,no AprilTag detected
30,z1_x4_y1,0,1,4,1,1782973587.9578676,center,40.0,-8.75,65.0,True,-7.118728131910885,43.912827959639,131.86538193549714,36.806896484405506,-7.526295850544999,64.69494724893167,-3.193103515594494,1.223704149455001,-0.30505275106833096,3.4195558054658655,0.3566168865879418,0.3584473861975997,50:20,2.5,True,0.17440390586853027,2.0,1782973587.958091,-53.54736328125,-124.65087890625,-109.632568359375,-21.4189453125,-49.8603515625,-43.85302734375,True,True,True,"{""1"": {""enabled"": true, ""raw"": ""01 3A 83 6B"", ""reached"": true, ""stall_protection"": false, ""stalled"": false, ""status"": 131}, ""2"": {""enabled"": true, ""raw"": ""02 3A 83 6B"", ""reached"": true, ""stall_protection"": false, ""stalled"": false, ""status"": 131}, ""3"": {""enabled"": true, ""raw"": ""03 3A 83 6B"", ""reached"": true, ""stall_protection"": false, ""stalled"": false, ""status"": 131}}",D:\ccy\Desktop\Delta_Robot\1 writer_bot\flutter\1.0\write_bot\02_visual\stage2_error_grid\images\0030_z1_x4_y1_r0.jpg,D:\ccy\Desktop\Delta_Robot\1 writer_bot\flutter\1.0\write_bot\02_visual\stage2_error_grid\overlays\0030_z1_x4_y1_r0_overlay.jpg,
31,z1_x3_y1,0,1,3,1,1782973591.467995,center,20.0,-8.75,65.0,True,-8.353336529664853,26.02217101570766,132.0903321400244,18.87636928623898,-7.2163633142505095,64.91989745345893,-1.1236307137610204,1.5336366857494905,-0.0801025465410703,1.9012068442922727,0.19866251670778184,0.20266722529799072,50:20,2.5,True,0.1749248504638672,2.0,1782973591.4682283,-71.070556640625,-110.775146484375,-95.09765625,-28.42822265625,-44.31005859375,-38.0390625,True,True,True,"{""1"": {""enabled"": true, ""raw"": ""01 3A 83 6B"", ""reached"": true, ""stall_protection"": false, ""stalled"": false, ""status"": 131}, ""2"": {""enabled"": true, ""raw"": ""02 3A 83 6B"", ""reached"": true, ""stall_protection"": false, ""stalled"": false, ""status"": 131}, ""3"": {""enabled"": true, ""raw"": ""03 3A 83 6B"", ""reached"": true, ""stall_protection"": false, ""stalled"": false, ""status"": 131}}",D:\ccy\Desktop\Delta_Robot\1 writer_bot\flutter\1.0\write_bot\02_visual\stage2_error_grid\images\0031_z1_x3_y1_r0.jpg,D:\ccy\Desktop\Delta_Robot\1 writer_bot\flutter\1.0\write_bot\02_visual\stage2_error_grid\overlays\0031_z1_x3_y1_r0_overlay.jpg,
32,z1_x2_y1,0,1,2,1,1782973594.9806318,center,0.0,-8.75,65.0,True,-10.1385812963338,8.051253005132937,134.7930113267804,0.8184822501537319,-7.448114930646426,67.62257664021493,0.8184822501537319,1.301885069353574,2.6225766402149304,1.5377964519475509,0.26349854882319357,0.2657487156145041,50:20,2.5,True,0.1759028434753418,2.0,1782973594.9808557,-91.1865234375,-99.052734375,-83.111572265625,-36.474609375,-39.62109375,-33.24462890625,True,True,True,"{""1"": {""enabled"": true, ""raw"": ""01 3A 83 6B"", ""reached"": true, ""stall_protection"": false, ""stalled"": false, ""status"": 131}, ""2"": {""enabled"": true, ""raw"": ""02 3A 83 6B"", ""reached"": true, ""stall_protection"": false, ""stalled"": false, ""status"": 131}, ""3"": {""enabled"": true, ""raw"": ""03 3A 83 6B"", ""reached"": true, ""stall_protection"": false, ""stalled"": false, ""status"": 131}}",D:\ccy\Desktop\Delta_Robot\1 writer_bot\flutter\1.0\write_bot\02_visual\stage2_error_grid\images\0032_z1_x2_y1_r0.jpg,D:\ccy\Desktop\Delta_Robot\1 writer_bot\flutter\1.0\write_bot\02_visual\stage2_error_grid\overlays\0032_z1_x2_y1_r0_overlay.jpg,
33,z1_x1_y1,0,1,1,1,1782973598.4911566,center,-20.0,-8.75,65.0,True,-11.791585657189877,-9.831587534017833,132.23683864015615,-17.14027146444617,-7.555698312484253,65.06640395359068,2.859728535553831,1.1943016875157468,0.06640395359067952,3.099097258535753,0.28942663469093416,0.29623505346517454,50:20,2.5,True,0.1978616714477539,2.0,1782973598.4914002,-113.170166015625,-89.97802734375,-73.740234375,-45.26806640625,-35.9912109375,-29.49609375,True,True,True,"{""1"": {""enabled"": true, ""raw"": ""01 3A 83 6B"", ""reached"": true, ""stall_protection"": false, ""stalled"": false, ""status"": 131}, ""2"": {""enabled"": true, ""raw"": ""02 3A 83 6B"", ""reached"": true, ""stall_protection"": false, ""stalled"": false, ""status"": 131}, ""3"": {""enabled"": true, ""raw"": ""03 3A 83 6B"", ""reached"": true, ""stall_protection"": false, ""stalled"": false, ""status"": 131}}",D:\ccy\Desktop\Delta_Robot\1 writer_bot\flutter\1.0\write_bot\02_visual\stage2_error_grid\images\0033_z1_x1_y1_r0.jpg,D:\ccy\Desktop\Delta_Robot\1 writer_bot\flutter\1.0\write_bot\02_visual\stage2_error_grid\overlays\0033_z1_x1_y1_r0_overlay.jpg,
34,z1_x0_y1,0,1,0,1,1782973602.0045986,center,-40.0,-8.75,65.0,True,-13.720581879565065,-28.400464853248245,131.2646488676906,-35.80627209087295,-7.879197828406968,64.09421418112512,4.193727909127048,0.8708021715930316,-0.9057858188748753,4.283182251298941,0.17447788496708155,0.17462098973289975,50:20,2.5,True,0.17257332801818848,2.0,1782973602.0048354,-136.417236328125,-83.309326171875,-67.060546875,-54.56689453125,-33.32373046875,-26.82421875,True,True,True,"{""1"": {""enabled"": true, ""raw"": ""01 3A 83 6B"", ""reached"": true, ""stall_protection"": false, ""stalled"": false, ""status"": 131}, ""2"": {""enabled"": true, ""raw"": ""02 3A 83 6B"", ""reached"": true, ""stall_protection"": false, ""stalled"": false, ""status"": 131}, ""3"": {""enabled"": true, ""raw"": ""03 3A 83 6B"", ""reached"": true, ""stall_protection"": false, ""stalled"": false, ""status"": 131}}",D:\ccy\Desktop\Delta_Robot\1 writer_bot\flutter\1.0\write_bot\02_visual\stage2_error_grid\images\0034_z1_x0_y1_r0.jpg,D:\ccy\Desktop\Delta_Robot\1 writer_bot\flutter\1.0\write_bot\02_visual\stage2_error_grid\overlays\0034_z1_x0_y1_r0_overlay.jpg,
35,z1_x0_y2,0,1,0,2,1782973605.2677493,center,-40.0,2.5,65.0,True,-3.5776735114701914,-29.222494482086304,131.9259884114029,-35.752188367398126,2.296822898041646,64.75555372483743,4.2478116326018736,-0.20317710195835392,-0.24444627516257356,4.252667939168069,0.23537357293291267,0.23716950033529247,50:20,2.5,True,0.17813491821289062,2.0,1782973605.2679882,-136.25244140625,-72.61962890625,-77.442626953125,-54.5009765625,-29.0478515625,-30.97705078125,True,True,True,"{""1"": {""enabled"": true, ""raw"": ""01 3A 83 6B"", ""reached"": true, ""stall_protection"": false, ""stalled"": false, ""status"": 131}, ""2"": {""enabled"": true, ""raw"": ""02 3A 83 6B"", ""reached"": true, ""stall_protection"": false, ""stalled"": false, ""status"": 131}, ""3"": {""enabled"": true, ""raw"": ""03 3A 83 6B"", ""reached"": true, ""stall_protection"": false, ""stalled"": false, ""status"": 131}}",D:\ccy\Desktop\Delta_Robot\1 writer_bot\flutter\1.0\write_bot\02_visual\stage2_error_grid\images\0035_z1_x0_y2_r0.jpg,D:\ccy\Desktop\Delta_Robot\1 writer_bot\flutter\1.0\write_bot\02_visual\stage2_error_grid\overlays\0035_z1_x0_y2_r0_overlay.jpg,
36,z1_x1_y2,0,1,1,2,1782973608.7752483,center,-20.0,2.5,65.0,True,-1.841848933016788,-10.989164084323289,133.3039619099274,-17.437116770832944,2.4567502998309125,66.13352722336194,2.5628832291670562,-0.04324970016908747,1.1335272233619378,2.563248131358038,0.2095270178129396,0.21202855966286122,50:20,2.5,True,0.17870330810546875,2.0,1782973608.7754655,-112.87353515625,-79.310302734375,-83.990478515625,-45.1494140625,-31.72412109375,-33.59619140625,True,True,True,"{""1"": {""enabled"": true, ""raw"": ""01 3A 83 6B"", ""reached"": true, ""stall_protection"": false, ""stalled"": false, ""status"": 131}, ""2"": {""enabled"": true, ""raw"": ""02 3A 83 6B"", ""reached"": true, ""stall_protection"": false, ""stalled"": false, ""status"": 131}, ""3"": {""enabled"": true, ""raw"": ""03 3A 83 6B"", ""reached"": true, ""stall_protection"": false, ""stalled"": false, ""status"": 131}}",D:\ccy\Desktop\Delta_Robot\1 writer_bot\flutter\1.0\write_bot\02_visual\stage2_error_grid\images\0036_z1_x1_y2_r0.jpg,D:\ccy\Desktop\Delta_Robot\1 writer_bot\flutter\1.0\write_bot\02_visual\stage2_error_grid\overlays\0036_z1_x1_y2_r0_overlay.jpg,
37,z1_x2_y2,0,1,2,2,1782973612.2895598,center,0.0,2.5,65.0,True,0.023440378688145858,7.169367634304909,135.73549483815725,0.8145775823098971,2.752100316320934,68.56506015159178,0.8145775823098971,0.2521003163209339,3.56506015159178,0.8526964331407468,0.3425090463798046,0.3461230714850836,50:20,2.5,True,0.20949220657348633,2.0,1782973612.2898042,-90.7470703125,-88.681640625,-93.36181640625,-36.298828125,-35.47265625,-37.3447265625,True,True,True,"{""1"": {""enabled"": true, ""raw"": ""01 3A 83 6B"", ""reached"": true, ""stall_protection"": false, ""stalled"": false, ""status"": 131}, ""2"": {""enabled"": true, ""raw"": ""02 3A 83 6B"", ""reached"": true, ""stall_protection"": false, ""stalled"": false, ""status"": 131}, ""3"": {""enabled"": true, ""raw"": ""03 3A 83 6B"", ""reached"": true, ""stall_protection"": false, ""stalled"": false, ""status"": 131}}",D:\ccy\Desktop\Delta_Robot\1 writer_bot\flutter\1.0\write_bot\02_visual\stage2_error_grid\images\0037_z1_x2_y2_r0.jpg,D:\ccy\Desktop\Delta_Robot\1 writer_bot\flutter\1.0\write_bot\02_visual\stage2_error_grid\overlays\0037_z1_x2_y2_r0_overlay.jpg,
38,z1_x3_y2,0,1,3,2,1782973615.8007765,center,20.0,2.5,65.0,True,1.6677457629715882,24.81190192344827,135.2351251794234,18.533168154449758,2.871701642648243,68.06469049285792,-1.4668318455502423,0.3717016426482429,3.0646904928579204,1.5131945592909497,0.33933480073767797,0.34398835765464303,50:20,2.5,True,0.18119502067565918,2.0,1782973615.8010645,-70.77392578125,-100.447998046875,-105.018310546875,-28.3095703125,-40.17919921875,-42.00732421875,True,True,True,"{""1"": {""enabled"": true, ""raw"": ""01 3A 83 6B"", ""reached"": true, ""stall_protection"": false, ""stalled"": false, ""status"": 131}, ""2"": {""enabled"": true, ""raw"": ""02 3A 83 6B"", ""reached"": true, ""stall_protection"": false, ""stalled"": false, ""status"": 131}, ""3"": {""enabled"": true, ""raw"": ""03 3A 83 6B"", ""reached"": true, ""stall_protection"": false, ""stalled"": false, ""status"": 131}}",D:\ccy\Desktop\Delta_Robot\1 writer_bot\flutter\1.0\write_bot\02_visual\stage2_error_grid\images\0038_z1_x3_y2_r0.jpg,D:\ccy\Desktop\Delta_Robot\1 writer_bot\flutter\1.0\write_bot\02_visual\stage2_error_grid\overlays\0038_z1_x3_y2_r0_overlay.jpg,
39,z1_x4_y2,0,1,4,2,1782973619.5705435,center,40.0,2.5,65.0,True,3.3051637095768793,42.89188545932507,131.76079679064344,36.686991563201154,2.94678714931008,64.59036210407797,-3.313008436798846,0.4467871493100799,-0.4096378959220317,3.342999201179827,0.031095327452841593,0.031449080233812605,50:20,2.5,True,0.1854093074798584,2.0,1782973619.5707173,-53.37158203125,-114.76318359375,-119.190673828125,-21.3486328125,-45.9052734375,-47.67626953125,True,True,True,"{""1"": {""enabled"": true, ""raw"": ""01 3A 83 6B"", ""reached"": true, ""stall_protection"": false, ""stalled"": false, ""status"": 131}, ""2"": {""enabled"": true, ""raw"": ""02 3A 83 6B"", ""reached"": true, ""stall_protection"": false, ""stalled"": false, ""status"": 131}, ""3"": {""enabled"": true, ""raw"": ""03 3A 83 6B"", ""reached"": true, ""stall_protection"": false, ""stalled"": false, ""status"": 131}}",D:\ccy\Desktop\Delta_Robot\1 writer_bot\flutter\1.0\write_bot\02_visual\stage2_error_grid\images\0039_z1_x4_y2_r0.jpg,D:\ccy\Desktop\Delta_Robot\1 writer_bot\flutter\1.0\write_bot\02_visual\stage2_error_grid\overlays\0039_z1_x4_y2_r0_overlay.jpg,
40,z1_x4_y3,0,1,4,3,1782973623.3740978,center,40.0,13.75,65.0,True,13.467186900998769,41.852386927165526,133.34944579039566,36.526058836131746,13.160570640197097,66.17901110383019,-3.473941163868254,-0.589429359802903,1.1790111038301916,3.5235910915167183,0.41547752643110236,0.42008774601839993,50:20,2.5,True,0.18902039527893066,2.0,1782973623.3743486,-54.063720703125,-105.40283203125,-129.2431640625,-21.62548828125,-42.1611328125,-51.697265625,True,True,True,"{""1"": {""enabled"": true, ""raw"": ""01 3A 83 6B"", ""reached"": true, ""stall_protection"": false, ""stalled"": false, ""status"": 131}, ""2"": {""enabled"": true, ""raw"": ""02 3A 83 6B"", ""reached"": true, ""stall_protection"": false, ""stalled"": false, ""status"": 131}, ""3"": {""enabled"": true, ""raw"": ""03 3A 83 6B"", ""reached"": true, ""stall_protection"": false, ""stalled"": false, ""status"": 131}}",D:\ccy\Desktop\Delta_Robot\1 writer_bot\flutter\1.0\write_bot\02_visual\stage2_error_grid\images\0040_z1_x4_y3_r0.jpg,D:\ccy\Desktop\Delta_Robot\1 writer_bot\flutter\1.0\write_bot\02_visual\stage2_error_grid\overlays\0040_z1_x4_y3_r0_overlay.jpg,
41,z1_x3_y3,0,1,3,3,1782973627.09287,center,20.0,13.75,65.0,True,12.388826396093725,24.42230700241589,134.32788954522582,19.067848469894088,13.586526471112643,67.15745485866034,-0.9321515301059122,-0.16347352888735678,2.157454858660344,0.9463773400318072,0.3905343926469183,0.39571662216722125,50:20,2.5,True,0.17899417877197266,2.0,1782973627.0930977,-71.455078125,-90.845947265625,-115.576171875,-28.58203125,-36.33837890625,-46.23046875,True,True,True,"{""1"": {""enabled"": true, ""raw"": ""01 3A 83 6B"", ""reached"": true, ""stall_protection"": false, ""stalled"": false, ""status"": 131}, ""2"": {""enabled"": true, ""raw"": ""02 3A 83 6B"", ""reached"": true, ""stall_protection"": false, ""stalled"": false, ""status"": 131}, ""3"": {""enabled"": true, ""raw"": ""03 3A 83 6B"", ""reached"": true, ""stall_protection"": false, ""stalled"": false, ""status"": 131}}",D:\ccy\Desktop\Delta_Robot\1 writer_bot\flutter\1.0\write_bot\02_visual\stage2_error_grid\images\0041_z1_x3_y3_r0.jpg,D:\ccy\Desktop\Delta_Robot\1 writer_bot\flutter\1.0\write_bot\02_visual\stage2_error_grid\overlays\0041_z1_x3_y3_r0_overlay.jpg,
42,z1_x2_y3,0,1,2,3,1782973630.6035073,center,0.0,13.75,65.0,True,10.386209955939949,6.518594538681413,135.71034766839986,1.0582070359482294,13.132425148546696,68.53991298183439,1.0582070359482294,-0.6175748514533037,3.539912981834391,1.2252350093259283,0.3955397338978324,0.40236599403716483,50:20,2.5,True,0.18392086029052734,2.0,1782973630.6037765,-91.593017578125,-78.837890625,-103.941650390625,-36.63720703125,-31.53515625,-41.57666015625,True,True,True,"{""1"": {""enabled"": true, ""raw"": ""01 3A 83 6B"", ""reached"": true, ""stall_protection"": false, ""stalled"": false, ""status"": 131}, ""2"": {""enabled"": true, ""raw"": ""02 3A 83 6B"", ""reached"": true, ""stall_protection"": false, ""stalled"": false, ""status"": 131}, ""3"": {""enabled"": true, ""raw"": ""03 3A 83 6B"", ""reached"": true, ""stall_protection"": false, ""stalled"": false, ""status"": 131}}",D:\ccy\Desktop\Delta_Robot\1 writer_bot\flutter\1.0\write_bot\02_visual\stage2_error_grid\images\0042_z1_x2_y3_r0.jpg,D:\ccy\Desktop\Delta_Robot\1 writer_bot\flutter\1.0\write_bot\02_visual\stage2_error_grid\overlays\0042_z1_x2_y3_r0_overlay.jpg,
43,z1_x1_y3,0,1,1,3,1782973634.1134272,center,-20.0,13.75,65.0,True,8.7606691394613,-11.392431324425715,133.78473236667844,-16.92626343851057,13.054629465825373,66.61429768011297,3.0737365614894294,-0.6953705341746268,1.6142976801129691,3.1514118469719516,0.32301056571270437,0.3283113829820914,50:20,2.5,True,0.2025911808013916,2.0,1782973634.1136642,-113.6865234375,-69.356689453125,-94.98779296875,-45.474609375,-27.74267578125,-37.9951171875,True,True,True,"{""1"": {""enabled"": true, ""raw"": ""01 3A 83 6B"", ""reached"": true, ""stall_protection"": false, ""stalled"": false, ""status"": 131}, ""2"": {""enabled"": true, ""raw"": ""02 3A 83 6B"", ""reached"": true, ""stall_protection"": false, ""stalled"": false, ""status"": 131}, ""3"": {""enabled"": true, ""raw"": ""03 3A 83 6B"", ""reached"": true, ""stall_protection"": false, ""stalled"": false, ""status"": 131}}",D:\ccy\Desktop\Delta_Robot\1 writer_bot\flutter\1.0\write_bot\02_visual\stage2_error_grid\images\0043_z1_x1_y3_r0.jpg,D:\ccy\Desktop\Delta_Robot\1 writer_bot\flutter\1.0\write_bot\02_visual\stage2_error_grid\overlays\0043_z1_x1_y3_r0_overlay.jpg,
44,z1_x0_y3,0,1,0,3,1782973637.6249077,center,-40.0,13.75,65.0,True,6.931066168133195,-29.777043169571908,132.28463800111658,-35.40012709308206,12.814293447541163,65.1142033145511,4.599872906917938,-0.9357065524588375,0.114203314551105,4.6940789844347615,0.33695684493997385,0.3374737015014037,50:20,2.5,True,0.18021464347839355,2.0,1782973637.6251369,-136.768798828125,-62.75390625,-88.43994140625,-54.70751953125,-25.1015625,-35.3759765625,True,True,True,"{""1"": {""enabled"": true, ""raw"": ""01 3A 83 6B"", ""reached"": true, ""stall_protection"": false, ""stalled"": false, ""status"": 131}, ""2"": {""enabled"": true, ""raw"": ""02 3A 83 6B"", ""reached"": true, ""stall_protection"": false, ""stalled"": false, ""status"": 131}, ""3"": {""enabled"": true, ""raw"": ""03 3A 83 6B"", ""reached"": true, ""stall_protection"": false, ""stalled"": false, ""status"": 131}}",D:\ccy\Desktop\Delta_Robot\1 writer_bot\flutter\1.0\write_bot\02_visual\stage2_error_grid\images\0044_z1_x0_y3_r0.jpg,D:\ccy\Desktop\Delta_Robot\1 writer_bot\flutter\1.0\write_bot\02_visual\stage2_error_grid\overlays\0044_z1_x0_y3_r0_overlay.jpg,
45,z1_x0_y4,0,1,0,4,1782973641.1354265,center,-40.0,25.0,65.0,True,17.005627702346608,-30.88753149748643,131.04666241221676,-35.63931450382153,22.94705041766685,63.87622772565129,4.360685496178469,-2.0529495823331487,-1.1237722743487097,4.81976970240105,0.10743920195951262,0.10796081131644863,50:20,2.5,True,0.20742344856262207,2.0,1782973641.1356754,-138.109130859375,-53.76708984375,-100.294189453125,-55.24365234375,-21.5068359375,-40.11767578125,True,True,True,"{""1"": {""enabled"": true, ""raw"": ""01 3A 83 6B"", ""reached"": true, ""stall_protection"": false, ""stalled"": false, ""status"": 131}, ""2"": {""enabled"": true, ""raw"": ""02 3A 83 6B"", ""reached"": true, ""stall_protection"": false, ""stalled"": false, ""status"": 131}, ""3"": {""enabled"": true, ""raw"": ""03 3A 83 6B"", ""reached"": true, ""stall_protection"": false, ""stalled"": false, ""status"": 131}}",D:\ccy\Desktop\Delta_Robot\1 writer_bot\flutter\1.0\write_bot\02_visual\stage2_error_grid\images\0045_z1_x0_y4_r0.jpg,D:\ccy\Desktop\Delta_Robot\1 writer_bot\flutter\1.0\write_bot\02_visual\stage2_error_grid\overlays\0045_z1_x0_y4_r0_overlay.jpg,
46,z1_x1_y4,0,1,1,4,1782973644.6525772,center,-20.0,25.0,65.0,True,19.10493930395669,-12.640795989425964,132.4262740091991,-17.279599987909904,23.46796192262081,65.25583932263362,2.7204000120900957,-1.532038077379191,0.2558393226336193,3.1221333886173923,0.3528656777258265,0.35548374822960344,50:20,2.5,True,0.1849205493927002,2.0,1782973644.6528077,-114.93896484375,-60.413818359375,-106.63330078125,-45.9755859375,-24.16552734375,-42.6533203125,True,True,True,"{""1"": {""enabled"": true, ""raw"": ""01 3A 83 6B"", ""reached"": true, ""stall_protection"": false, ""stalled"": false, ""status"": 131}, ""2"": {""enabled"": true, ""raw"": ""02 3A 83 6B"", ""reached"": true, ""stall_protection"": false, ""stalled"": false, ""status"": 131}, ""3"": {""enabled"": true, ""raw"": ""03 3A 83 6B"", ""reached"": true, ""stall_protection"": false, ""stalled"": false, ""status"": 131}}",D:\ccy\Desktop\Delta_Robot\1 writer_bot\flutter\1.0\write_bot\02_visual\stage2_error_grid\images\0046_z1_x1_y4_r0.jpg,D:\ccy\Desktop\Delta_Robot\1 writer_bot\flutter\1.0\write_bot\02_visual\stage2_error_grid\overlays\0046_z1_x1_y4_r0_overlay.jpg,
47,z1_x2_y4,0,1,2,4,1782973648.1593413,center,0.0,25.0,65.0,True,20.558915755581136,5.460655159669452,134.10299205689466,0.8798214218201079,23.358438916794313,66.93255737032919,0.8798214218201079,-1.641561083205687,1.9325573703291923,1.8624737646981728,0.43552217073257515,0.4413372728077099,50:20,2.5,True,0.19089627265930176,2.0,1782973648.1595216,-92.889404296875,-69.9169921875,-115.367431640625,-37.15576171875,-27.966796875,-46.14697265625,True,True,True,"{""1"": {""enabled"": true, ""raw"": ""01 3A 83 6B"", ""reached"": true, ""stall_protection"": false, ""stalled"": false, ""status"": 131}, ""2"": {""enabled"": true, ""raw"": ""02 3A 83 6B"", ""reached"": true, ""stall_protection"": false, ""stalled"": false, ""status"": 131}, ""3"": {""enabled"": true, ""raw"": ""03 3A 83 6B"", ""reached"": true, ""stall_protection"": false, ""stalled"": false, ""status"": 131}}",D:\ccy\Desktop\Delta_Robot\1 writer_bot\flutter\1.0\write_bot\02_visual\stage2_error_grid\images\0047_z1_x2_y4_r0.jpg,D:\ccy\Desktop\Delta_Robot\1 writer_bot\flutter\1.0\write_bot\02_visual\stage2_error_grid\overlays\0047_z1_x2_y4_r0_overlay.jpg,
48,z1_x3_y4,0,1,3,4,1782973651.6710415,center,20.0,25.0,65.0,True,22.192300881360815,23.185361677405293,132.34492609918473,18.67933927162471,23.460087445918468,65.17449141261926,-1.320660728375291,-1.539912554081532,0.17449141261926115,2.02866345993875,0.6310992695810089,0.6387171555478423,50:20,2.5,True,0.17770051956176758,2.0,1782973651.6712806,-72.97119140625,-82.056884765625,-126.485595703125,-29.1884765625,-32.82275390625,-50.59423828125,True,True,True,"{""1"": {""enabled"": true, ""raw"": ""01 3A 83 6B"", ""reached"": true, ""stall_protection"": false, ""stalled"": false, ""status"": 131}, ""2"": {""enabled"": true, ""raw"": ""02 3A 83 6B"", ""reached"": true, ""stall_protection"": false, ""stalled"": false, ""status"": 131}, ""3"": {""enabled"": true, ""raw"": ""03 3A 83 6B"", ""reached"": true, ""stall_protection"": false, ""stalled"": false, ""status"": 131}}",D:\ccy\Desktop\Delta_Robot\1 writer_bot\flutter\1.0\write_bot\02_visual\stage2_error_grid\images\0048_z1_x3_y4_r0.jpg,D:\ccy\Desktop\Delta_Robot\1 writer_bot\flutter\1.0\write_bot\02_visual\stage2_error_grid\overlays\0048_z1_x3_y4_r0_overlay.jpg,
49,z1_x4_y4,0,1,4,4,1782973655.5428731,center,40.0,25.0,65.0,True,23.481220236871522,40.65459536584288,134.1330494007145,36.19468217867219,23.24053878435497,66.96261471414903,-3.8053178213278116,-1.7594612156450289,1.9626147141490264,4.192391619430862,0.43230225048542636,0.439560580502649,50:20,2.5,True,0.17973089218139648,2.0,1782973655.5431244,-55.458984375,-96.767578125,-139.81201171875,-22.18359375,-38.70703125,-55.9248046875,True,True,True,"{""1"": {""enabled"": true, ""raw"": ""01 3A 83 6B"", ""reached"": true, ""stall_protection"": false, ""stalled"": false, ""status"": 131}, ""2"": {""enabled"": true, ""raw"": ""02 3A 83 6B"", ""reached"": true, ""stall_protection"": false, ""stalled"": false, ""status"": 131}, ""3"": {""enabled"": true, ""raw"": ""03 3A 83 6B"", ""reached"": true, ""stall_protection"": false, ""stalled"": false, ""status"": 131}}",D:\ccy\Desktop\Delta_Robot\1 writer_bot\flutter\1.0\write_bot\02_visual\stage2_error_grid\images\0049_z1_x4_y4_r0.jpg,D:\ccy\Desktop\Delta_Robot\1 writer_bot\flutter\1.0\write_bot\02_visual\stage2_error_grid\overlays\0049_z1_x4_y4_r0_overlay.jpg,
50,z2_x0_y0,0,2,0,0,1782973660.6982322,center,-40.0,-20.0,75.0,True,-24.24385237895074,-28.012206724987777,141.23498072483366,-36.32525750413794,-18.3968316173454,74.06454603826819,3.6747424958620627,1.6031683826546015,-0.9354539617318096,4.00922452277718,0.387420781403928,0.3908071820691734,50:20,2.5,True,0.18340611457824707,2.0,1782973660.6985106,-130.23193359375,-84.364013671875,-44.549560546875,-52.0927734375,-33.74560546875,-17.81982421875,True,True,True,"{""1"": {""enabled"": true, ""raw"": ""01 3A 83 6B"", ""reached"": true, ""stall_protection"": false, ""stalled"": false, ""status"": 131}, ""2"": {""enabled"": true, ""raw"": ""02 3A 83 6B"", ""reached"": true, ""stall_protection"": false, ""stalled"": false, ""status"": 131}, ""3"": {""enabled"": true, ""raw"": ""03 3A 83 6B"", ""reached"": true, ""stall_protection"": false, ""stalled"": false, ""status"": 131}}",D:\ccy\Desktop\Delta_Robot\1 writer_bot\flutter\1.0\write_bot\02_visual\stage2_error_grid\images\0050_z2_x0_y0_r0.jpg,D:\ccy\Desktop\Delta_Robot\1 writer_bot\flutter\1.0\write_bot\02_visual\stage2_error_grid\overlays\0050_z2_x0_y0_r0_overlay.jpg,
51,z2_x1_y0,0,2,1,0,1782973664.2113223,center,-20.0,-20.0,75.0,True,-22.64353510521657,-9.698989376863391,142.66512872935488,-17.94225939898129,-18.378784953857302,75.4946940427894,2.057740601018711,1.621215046142698,0.4946940427894049,2.619663071259416,0.5716883735612159,0.5795409959956221,50:20,2.5,True,0.19406604766845703,2.0,1782973664.2115579,-105.205078125,-91.38427734375,-51.580810546875,-42.08203125,-36.5537109375,-20.63232421875,True,True,True,"{""1"": {""enabled"": true, ""raw"": ""01 3A 83 6B"", ""reached"": true, ""stall_protection"": false, ""stalled"": false, ""status"": 131}, ""2"": {""enabled"": true, ""raw"": ""02 3A 83 6B"", ""reached"": true, ""stall_protection"": false, ""stalled"": false, ""status"": 131}, ""3"": {""enabled"": true, ""raw"": ""03 3A 83 6B"", ""reached"": true, ""stall_protection"": false, ""stalled"": false, ""status"": 131}}",D:\ccy\Desktop\Delta_Robot\1 writer_bot\flutter\1.0\write_bot\02_visual\stage2_error_grid\images\0051_z2_x1_y0_r0.jpg,D:\ccy\Desktop\Delta_Robot\1 writer_bot\flutter\1.0\write_bot\02_visual\stage2_error_grid\overlays\0051_z2_x1_y0_r0_overlay.jpg,
52,z2_x2_y0,0,2,2,0,1782973667.9795702,center,0.0,-20.0,75.0,True,-20.667210370991477,8.499505943414393,143.41139055334997,0.358807734356549,-17.976251528731176,76.2409558667845,0.358807734356549,2.0237484712688243,1.2409558667845033,2.055310406045029,0.1122644949491844,0.11313822333090943,50:20,2.5,True,0.19530057907104492,2.0,1782973667.9797237,-81.441650390625,-101.019287109375,-61.7431640625,-32.57666015625,-40.40771484375,-24.697265625,True,True,True,"{""1"": {""enabled"": true, ""raw"": ""01 3A 83 6B"", ""reached"": true, ""stall_protection"": false, ""stalled"": false, ""status"": 131}, ""2"": {""enabled"": true, ""raw"": ""02 3A 83 6B"", ""reached"": true, ""stall_protection"": false, ""stalled"": false, ""status"": 131}, ""3"": {""enabled"": true, ""raw"": ""03 3A 83 6B"", ""reached"": true, ""stall_protection"": false, ""stalled"": false, ""status"": 131}}",D:\ccy\Desktop\Delta_Robot\1 writer_bot\flutter\1.0\write_bot\02_visual\stage2_error_grid\images\0052_z2_x2_y0_r0.jpg,D:\ccy\Desktop\Delta_Robot\1 writer_bot\flutter\1.0\write_bot\02_visual\stage2_error_grid\overlays\0052_z2_x2_y0_r0_overlay.jpg,
53,z2_x3_y0,0,2,3,0,1782973671.7347646,center,20.0,-20.0,75.0,True,-19.175685064972853,26.454995068924802,142.67184271648821,18.3760409101909,-18.03580119229425,75.50140802992274,-1.6239590898091016,1.964198807705749,0.501408029922743,2.5485917840184396,0.18892586806675038,0.18995310487555328,50:20,2.5,True,0.201568603515625,2.0,1782973671.7350042,-60.029296875,-113.203125,-74.794921875,-24.01171875,-45.28125,-29.91796875,True,True,True,"{""1"": {""enabled"": true, ""raw"": ""01 3A 83 6B"", ""reached"": true, ""stall_protection"": false, ""stalled"": false, ""status"": 131}, ""2"": {""enabled"": true, ""raw"": ""02 3A 83 6B"", ""reached"": true, ""stall_protection"": false, ""stalled"": false, ""status"": 131}, ""3"": {""enabled"": true, ""raw"": ""03 3A 83 6B"", ""reached"": true, ""stall_protection"": false, ""stalled"": false, ""status"": 131}}",D:\ccy\Desktop\Delta_Robot\1 writer_bot\flutter\1.0\write_bot\02_visual\stage2_error_grid\images\0053_z2_x3_y0_r0.jpg,D:\ccy\Desktop\Delta_Robot\1 writer_bot\flutter\1.0\write_bot\02_visual\stage2_error_grid\overlays\0053_z2_x3_y0_r0_overlay.jpg,
54,z2_x4_y0,0,2,4,0,1782973675.2482595,center,40.0,-20.0,75.0,False,,,,,,,,,,,,,50:20,2.5,True,0.17777061462402344,2.0,1782973675.2484102,-41.4404296875,-127.518310546875,-90.494384765625,-16.576171875,-51.00732421875,-36.19775390625,True,True,True,"{""1"": {""enabled"": true, ""raw"": ""01 3A 83 6B"", ""reached"": true, ""stall_protection"": false, ""stalled"": false, ""status"": 131}, ""2"": {""enabled"": true, ""raw"": ""02 3A 83 6B"", ""reached"": true, ""stall_protection"": false, ""stalled"": false, ""status"": 131}, ""3"": {""enabled"": true, ""raw"": ""03 3A 83 6B"", ""reached"": true, ""stall_protection"": false, ""stalled"": false, ""status"": 131}}",D:\ccy\Desktop\Delta_Robot\1 writer_bot\flutter\1.0\write_bot\02_visual\stage2_error_grid\images\0054_z2_x4_y0_r0.jpg,D:\ccy\Desktop\Delta_Robot\1 writer_bot\flutter\1.0\write_bot\02_visual\stage2_error_grid\overlays\0054_z2_x4_y0_r0_overlay.jpg,no AprilTag detected
55,z2_x4_y1,0,2,4,1,1782973678.7626212,center,40.0,-8.75,75.0,True,-7.187844052896082,43.92987800938222,141.12857428093213,36.817934021977784,-7.596622854563503,73.95813959436666,-3.182065978022216,1.1533771454364974,-1.0418604056333436,3.384645140646464,0.337359323817258,0.3382299635733367,50:20,2.5,True,0.19917511940002441,2.0,1782973678.7628756,-40.23193359375,-116.43310546875,-100.21728515625,-16.0927734375,-46.5732421875,-40.0869140625,True,True,True,"{""1"": {""enabled"": true, ""raw"": ""01 3A 83 6B"", ""reached"": true, ""stall_protection"": false, ""stalled"": false, ""status"": 131}, ""2"": {""enabled"": true, ""raw"": ""02 3A 83 6B"", ""reached"": true, ""stall_protection"": false, ""stalled"": false, ""status"": 131}, ""3"": {""enabled"": true, ""raw"": ""03 3A 83 6B"", ""reached"": true, ""stall_protection"": false, ""stalled"": false, ""status"": 131}}",D:\ccy\Desktop\Delta_Robot\1 writer_bot\flutter\1.0\write_bot\02_visual\stage2_error_grid\images\0055_z2_x4_y1_r0.jpg,D:\ccy\Desktop\Delta_Robot\1 writer_bot\flutter\1.0\write_bot\02_visual\stage2_error_grid\overlays\0055_z2_x4_y1_r0_overlay.jpg,
56,z2_x3_y1,0,2,3,1,1782973682.2788422,center,20.0,-8.75,75.0,True,-8.530745487752371,25.79374226727257,143.72441501653574,18.63351765809461,-7.373451564062354,76.55398032997027,-1.3664823419053889,1.3765484359376456,1.5539803299702726,1.9396287240659267,0.2024805407640216,0.20274229170939562,50:20,2.5,True,0.18870925903320312,2.0,1782973682.2790873,-58.787841796875,-101.524658203125,-84.5947265625,-23.51513671875,-40.60986328125,-33.837890625,True,True,True,"{""1"": {""enabled"": true, ""raw"": ""01 3A 83 6B"", ""reached"": true, ""stall_protection"": false, ""stalled"": false, ""status"": 131}, ""2"": {""enabled"": true, ""raw"": ""02 3A 83 6B"", ""reached"": true, ""stall_protection"": false, ""stalled"": false, ""status"": 131}, ""3"": {""enabled"": true, ""raw"": ""03 3A 83 6B"", ""reached"": true, ""stall_protection"": false, ""stalled"": false, ""status"": 131}}",D:\ccy\Desktop\Delta_Robot\1 writer_bot\flutter\1.0\write_bot\02_visual\stage2_error_grid\images\0056_z2_x3_y1_r0.jpg,D:\ccy\Desktop\Delta_Robot\1 writer_bot\flutter\1.0\write_bot\02_visual\stage2_error_grid\overlays\0056_z2_x3_y1_r0_overlay.jpg,
57,z2_x2_y1,0,2,2,1,1782973685.7901328,center,0.0,-8.75,75.0,True,-10.260597773503342,7.629224928920241,144.34788274996038,0.387517797416977,-7.533352001747937,77.1774480633949,0.387517797416977,1.2166479982520633,2.1774480633949054,1.2768721137865209,0.428078428602655,0.43502864021560683,50:20,2.5,True,0.1995079517364502,2.0,1782973685.7903576,-80.4638671875,-88.96728515625,-71.6748046875,-32.185546875,-35.5869140625,-28.669921875,True,True,True,"{""1"": {""enabled"": true, ""raw"": ""01 3A 83 6B"", ""reached"": true, ""stall_protection"": false, ""stalled"": false, ""status"": 131}, ""2"": {""enabled"": true, ""raw"": ""02 3A 83 6B"", ""reached"": true, ""stall_protection"": false, ""stalled"": false, ""status"": 131}, ""3"": {""enabled"": true, ""raw"": ""03 3A 83 6B"", ""reached"": true, ""stall_protection"": false, ""stalled"": false, ""status"": 131}}",D:\ccy\Desktop\Delta_Robot\1 writer_bot\flutter\1.0\write_bot\02_visual\stage2_error_grid\images\0057_z2_x2_y1_r0.jpg,D:\ccy\Desktop\Delta_Robot\1 writer_bot\flutter\1.0\write_bot\02_visual\stage2_error_grid\overlays\0057_z2_x2_y1_r0_overlay.jpg,
58,z2_x1_y1,0,2,1,1,1782973689.5481806,center,-20.0,-8.75,75.0,True,-12.000505683066752,-10.067056578948158,143.47947813599225,-17.39284961066116,-7.7435746771164,76.30904344942678,2.607150389338841,1.0064253228836,1.309043449426781,2.7946601015456296,0.11485507096540482,0.11569520418928278,50:20,2.5,True,0.2342374324798584,2.0,1782973689.5483606,-104.139404296875,-79.046630859375,-61.644287109375,-41.65576171875,-31.61865234375,-24.65771484375,True,True,True,"{""1"": {""enabled"": true, ""raw"": ""01 3A 83 6B"", ""reached"": true, ""stall_protection"": false, ""stalled"": false, ""status"": 131}, ""2"": {""enabled"": true, ""raw"": ""02 3A 83 6B"", ""reached"": true, ""stall_protection"": false, ""stalled"": false, ""status"": 131}, ""3"": {""enabled"": true, ""raw"": ""03 3A 83 6B"", ""reached"": true, ""stall_protection"": false, ""stalled"": false, ""status"": 131}}",D:\ccy\Desktop\Delta_Robot\1 writer_bot\flutter\1.0\write_bot\02_visual\stage2_error_grid\images\0058_z2_x1_y1_r0.jpg,D:\ccy\Desktop\Delta_Robot\1 writer_bot\flutter\1.0\write_bot\02_visual\stage2_error_grid\overlays\0058_z2_x1_y1_r0_overlay.jpg,
59,z2_x0_y1,0,2,0,1,1782973693.062277,center,-40.0,-8.75,75.0,True,-13.717146464900228,-28.324846392249448,143.09246927885422,-35.73063857590674,-7.882284109599725,75.92203459228875,4.269361424093262,0.8677158904002749,0.9220345922887532,4.35664754553186,0.07532624862152186,0.07594375985432912,50:20,2.5,True,0.17864131927490234,2.0,1782973693.062515,-129.13330078125,-72.09228515625,-54.60205078125,-51.6533203125,-28.8369140625,-21.8408203125,True,True,True,"{""1"": {""enabled"": true, ""raw"": ""01 3A 83 6B"", ""reached"": true, ""stall_protection"": false, ""stalled"": false, ""status"": 131}, ""2"": {""enabled"": true, ""raw"": ""02 3A 83 6B"", ""reached"": true, ""stall_protection"": false, ""stalled"": false, ""status"": 131}, ""3"": {""enabled"": true, ""raw"": ""03 3A 83 6B"", ""reached"": true, ""stall_protection"": false, ""stalled"": false, ""status"": 131}}",D:\ccy\Desktop\Delta_Robot\1 writer_bot\flutter\1.0\write_bot\02_visual\stage2_error_grid\images\0059_z2_x0_y1_r0.jpg,D:\ccy\Desktop\Delta_Robot\1 writer_bot\flutter\1.0\write_bot\02_visual\stage2_error_grid\overlays\0059_z2_x0_y1_r0_overlay.jpg,
60,z2_x0_y2,0,2,0,2,1782973696.3254993,center,-40.0,2.5,75.0,True,-3.885914005850884,-29.639569954387408,140.93518542634536,-36.194248042803075,2.025626667698899,73.76475073977988,3.805751957196925,-0.4743733323011008,-1.2352492602201153,3.8352024741995927,0.34940558964596086,0.35248685835222704,50:20,2.5,True,0.20314598083496094,2.0,1782973696.3257518,-128.78173828125,-60.5126953125,-65.621337890625,-51.5126953125,-24.205078125,-26.24853515625,True,True,True,"{""1"": {""enabled"": true, ""raw"": ""01 3A 83 6B"", ""reached"": true, ""stall_protection"": false, ""stalled"": false, ""status"": 131}, ""2"": {""enabled"": true, ""raw"": ""02 3A 83 6B"", ""reached"": true, ""stall_protection"": false, ""stalled"": false, ""status"": 131}, ""3"": {""enabled"": true, ""raw"": ""03 3A 83 6B"", ""reached"": true, ""stall_protection"": false, ""stalled"": false, ""status"": 131}}",D:\ccy\Desktop\Delta_Robot\1 writer_bot\flutter\1.0\write_bot\02_visual\stage2_error_grid\images\0060_z2_x0_y2_r0.jpg,D:\ccy\Desktop\Delta_Robot\1 writer_bot\flutter\1.0\write_bot\02_visual\stage2_error_grid\overlays\0060_z2_x0_y2_r0_overlay.jpg,
61,z2_x1_y2,0,2,1,2,1782973700.0886798,center,-20.0,2.5,75.0,True,-1.7425577096126679,-11.121068902400111,144.87050456307563,-17.559985426639717,2.567026868045577,77.70006987651016,2.4400145733602834,0.067026868045577,2.700069876510156,2.4409350092230158,0.3823730061331415,0.3847138791907318,50:20,2.5,True,0.2071073055267334,2.0,1782973700.08884,-103.809814453125,-67.598876953125,-72.75146484375,-41.52392578125,-27.03955078125,-29.1005859375,True,True,True,"{""1"": {""enabled"": true, ""raw"": ""01 3A 83 6B"", ""reached"": true, ""stall_protection"": false, ""stalled"": false, ""status"": 131}, ""2"": {""enabled"": true, ""raw"": ""02 3A 83 6B"", ""reached"": true, ""stall_protection"": false, ""stalled"": false, ""status"": 131}, ""3"": {""enabled"": true, ""raw"": ""03 3A 83 6B"", ""reached"": true, ""stall_protection"": false, ""stalled"": false, ""status"": 131}}",D:\ccy\Desktop\Delta_Robot\1 writer_bot\flutter\1.0\write_bot\02_visual\stage2_error_grid\images\0061_z2_x1_y2_r0.jpg,D:\ccy\Desktop\Delta_Robot\1 writer_bot\flutter\1.0\write_bot\02_visual\stage2_error_grid\overlays\0061_z2_x1_y2_r0_overlay.jpg,
62,z2_x2_y2,0,2,2,2,1782973703.593717,center,0.0,2.5,75.0,True,-0.17054779272946896,6.779514986512945,145.89939572244347,0.4094740949576039,2.5923891326944704,78.728961035878,0.4094740949576039,0.09238913269447036,3.728961035878001,0.41976753838450304,0.3049058912040439,0.30964967172122543,50:20,2.5,True,0.17872023582458496,2.0,1782973703.5938485,-80.068359375,-77.67333984375,-82.628173828125,-32.02734375,-31.0693359375,-33.05126953125,True,True,True,"{""1"": {""enabled"": true, ""raw"": ""01 3A 83 6B"", ""reached"": true, ""stall_protection"": false, ""stalled"": false, ""status"": 131}, ""2"": {""enabled"": true, ""raw"": ""02 3A 83 6B"", ""reached"": true, ""stall_protection"": false, ""stalled"": false, ""status"": 131}, ""3"": {""enabled"": true, ""raw"": ""03 3A 83 6B"", ""reached"": true, ""stall_protection"": false, ""stalled"": false, ""status"": 131}}",D:\ccy\Desktop\Delta_Robot\1 writer_bot\flutter\1.0\write_bot\02_visual\stage2_error_grid\images\0062_z2_x2_y2_r0.jpg,D:\ccy\Desktop\Delta_Robot\1 writer_bot\flutter\1.0\write_bot\02_visual\stage2_error_grid\overlays\0062_z2_x2_y2_r0_overlay.jpg,
63,z2_x3_y2,0,2,3,2,1782973707.1078563,center,20.0,2.5,75.0,True,1.6274915637302367,24.59753231796106,144.5117274001949,18.31612924235905,2.850048953397544,77.34129271362943,-1.6838707576409497,0.35004895339754416,2.3412927136294286,1.719870634150436,0.19800437565088636,0.20041684726821293,50:20,2.5,True,0.17152619361877441,2.0,1782973707.1081011,-58.33740234375,-90.472412109375,-95.38330078125,-23.3349609375,-36.18896484375,-38.1533203125,True,True,True,"{""1"": {""enabled"": true, ""raw"": ""01 3A 83 6B"", ""reached"": true, ""stall_protection"": false, ""stalled"": false, ""status"": 131}, ""2"": {""enabled"": true, ""raw"": ""02 3A 83 6B"", ""reached"": true, ""stall_protection"": false, ""stalled"": false, ""status"": 131}, ""3"": {""enabled"": true, ""raw"": ""03 3A 83 6B"", ""reached"": true, ""stall_protection"": false, ""stalled"": false, ""status"": 131}}",D:\ccy\Desktop\Delta_Robot\1 writer_bot\flutter\1.0\write_bot\02_visual\stage2_error_grid\images\0063_z2_x3_y2_r0.jpg,D:\ccy\Desktop\Delta_Robot\1 writer_bot\flutter\1.0\write_bot\02_visual\stage2_error_grid\overlays\0063_z2_x3_y2_r0_overlay.jpg,
64,z2_x4_y2,0,2,4,2,1782973710.6142976,center,40.0,2.5,75.0,True,3.2543539864471924,42.487241059644354,141.9584312694199,36.27947547135124,2.930996232906878,74.78799658285442,-3.7205245286487596,0.43099623290687816,-0.21200341714558135,3.745405254582873,0.6039623320623141,0.608490134360723,50:20,2.5,True,0.1720876693725586,2.0,1782973710.614547,-40.01220703125,-105.88623046875,-110.533447265625,-16.0048828125,-42.3544921875,-44.21337890625,True,True,True,"{""1"": {""enabled"": true, ""raw"": ""01 3A 83 6B"", ""reached"": true, ""stall_protection"": false, ""stalled"": false, ""status"": 131}, ""2"": {""enabled"": true, ""raw"": ""02 3A 83 6B"", ""reached"": true, ""stall_protection"": false, ""stalled"": false, ""status"": 131}, ""3"": {""enabled"": true, ""raw"": ""03 3A 83 6B"", ""reached"": true, ""stall_protection"": false, ""stalled"": false, ""status"": 131}}",D:\ccy\Desktop\Delta_Robot\1 writer_bot\flutter\1.0\write_bot\02_visual\stage2_error_grid\images\0064_z2_x4_y2_r0.jpg,D:\ccy\Desktop\Delta_Robot\1 writer_bot\flutter\1.0\write_bot\02_visual\stage2_error_grid\overlays\0064_z2_x4_y2_r0_overlay.jpg,
65,z2_x4_y3,0,2,4,3,1782973713.8773015,center,40.0,13.75,75.0,True,13.721205920017685,41.94877773940982,142.2150370070654,36.64395687741136,13.405349933788038,75.04460232049993,-3.3560431225886376,-0.3446500662119618,0.04460232049993351,3.3736936892394964,0.09934081508579495,0.10010149825252787,50:20,2.5,True,0.18790268898010254,2.0,1782973713.8775396,-40.660400390625,-95.712890625,-121.35498046875,-16.26416015625,-38.28515625,-48.5419921875,True,True,True,"{""1"": {""enabled"": true, ""raw"": ""01 3A 83 6B"", ""reached"": true, ""stall_protection"": false, ""stalled"": false, ""status"": 131}, ""2"": {""enabled"": true, ""raw"": ""02 3A 83 6B"", ""reached"": true, ""stall_protection"": false, ""stalled"": false, ""status"": 131}, ""3"": {""enabled"": true, ""raw"": ""03 3A 83 6B"", ""reached"": true, ""stall_protection"": false, ""stalled"": false, ""status"": 131}}",D:\ccy\Desktop\Delta_Robot\1 writer_bot\flutter\1.0\write_bot\02_visual\stage2_error_grid\images\0065_z2_x4_y3_r0.jpg,D:\ccy\Desktop\Delta_Robot\1 writer_bot\flutter\1.0\write_bot\02_visual\stage2_error_grid\overlays\0065_z2_x4_y3_r0_overlay.jpg,
66,z2_x3_y3,0,2,3,3,1782973717.3888354,center,20.0,13.75,75.0,True,12.295272985805695,24.10893450927857,144.39780921195313,18.74758632274056,13.520294174366757,77.22737452538766,-1.2524136772594403,-0.2297058256332427,2.22737452538766,1.273304671049456,0.1596255556862878,0.16039516499983825,50:20,2.5,True,0.20474743843078613,2.0,1782973717.3889992,-59.326171875,-80.057373046875,-106.67724609375,-23.73046875,-32.02294921875,-42.6708984375,True,True,True,"{""1"": {""enabled"": true, ""raw"": ""01 3A 83 6B"", ""reached"": true, ""stall_protection"": false, ""stalled"": false, ""status"": 131}, ""2"": {""enabled"": true, ""raw"": ""02 3A 83 6B"", ""reached"": true, ""stall_protection"": false, ""stalled"": false, ""status"": 131}, ""3"": {""enabled"": true, ""raw"": ""03 3A 83 6B"", ""reached"": true, ""stall_protection"": false, ""stalled"": false, ""status"": 131}}",D:\ccy\Desktop\Delta_Robot\1 writer_bot\flutter\1.0\write_bot\02_visual\stage2_error_grid\images\0066_z2_x3_y3_r0.jpg,D:\ccy\Desktop\Delta_Robot\1 writer_bot\flutter\1.0\write_bot\02_visual\stage2_error_grid\overlays\0066_z2_x3_y3_r0_overlay.jpg,
67,z2_x2_y3,0,2,2,3,1782973721.2688062,center,0.0,13.75,75.0,True,10.34186942974561,6.302988626442678,144.4957330347597,0.8395846703160397,13.106807715012625,77.32529834819422,0.8395846703160397,-0.643192284987375,2.3252983481942238,1.057638281312176,0.17432680818213891,0.177589067850538,50:20,2.5,True,0.1762676239013672,2.0,1782973721.2690344,-80.7659912109375,-67.1484375,-94.251708984375,-32.306396484375,-26.859375,-37.70068359375,True,True,True,"{""1"": {""enabled"": true, ""raw"": ""01 3A 83 6B"", ""reached"": true, ""stall_protection"": false, ""stalled"": false, ""status"": 131}, ""2"": {""enabled"": true, ""raw"": ""02 3A 83 6B"", ""reached"": true, ""stall_protection"": false, ""stalled"": false, ""status"": 131}, ""3"": {""enabled"": true, ""raw"": ""03 3A 83 6B"", ""reached"": true, ""stall_protection"": false, ""stalled"": false, ""status"": 131}}",D:\ccy\Desktop\Delta_Robot\1 writer_bot\flutter\1.0\write_bot\02_visual\stage2_error_grid\images\0067_z2_x2_y3_r0.jpg,D:\ccy\Desktop\Delta_Robot\1 writer_bot\flutter\1.0\write_bot\02_visual\stage2_error_grid\overlays\0067_z2_x2_y3_r0_overlay.jpg,
68,z2_x1_y3,0,2,1,3,1782973724.915048,center,-20.0,13.75,75.0,True,8.44593344150224,-11.500312033330234,145.82387033006225,-17.060834989994422,12.750347845521505,78.65343564349678,2.9391650100055777,-0.9996521544784951,3.6534356434967776,3.104512101119045,0.2605138476087673,0.264989137849647,50:20,2.5,True,0.1845872402191162,2.0,1782973724.9152346,-104.468994140625,-56.97509765625,-84.52880859375,-41.78759765625,-22.7900390625,-33.8115234375,True,True,True,"{""1"": {""enabled"": true, ""raw"": ""01 3A 83 6B"", ""reached"": true, ""stall_protection"": false, ""stalled"": false, ""status"": 131}, ""2"": {""enabled"": true, ""raw"": ""02 3A 83 6B"", ""reached"": true, ""stall_protection"": false, ""stalled"": false, ""status"": 131}, ""3"": {""enabled"": true, ""raw"": ""03 3A 83 6B"", ""reached"": true, ""stall_protection"": false, ""stalled"": false, ""status"": 131}}",D:\ccy\Desktop\Delta_Robot\1 writer_bot\flutter\1.0\write_bot\02_visual\stage2_error_grid\images\0068_z2_x1_y3_r0.jpg,D:\ccy\Desktop\Delta_Robot\1 writer_bot\flutter\1.0\write_bot\02_visual\stage2_error_grid\overlays\0068_z2_x1_y3_r0_overlay.jpg,
69,z2_x0_y3,0,2,0,3,1782973728.4273047,center,-40.0,13.75,75.0,True,6.6665333030204845,-29.945955431844677,142.99590984853126,-35.59118241680574,12.56528169611628,75.82547516196578,4.4088175831942635,-1.1847183038837201,0.8254751619657839,4.565219593999836,0.2990227665917983,0.3027552378768882,50:20,2.5,True,0.19477224349975586,2.0,1782973728.4275656,-129.57275390625,-49.94384765625,-77.508544921875,-51.8291015625,-19.9775390625,-31.00341796875,True,True,True,"{""1"": {""enabled"": true, ""raw"": ""01 3A 83 6B"", ""reached"": true, ""stall_protection"": false, ""stalled"": false, ""status"": 131}, ""2"": {""enabled"": true, ""raw"": ""02 3A 83 6B"", ""reached"": true, ""stall_protection"": false, ""stalled"": false, ""status"": 131}, ""3"": {""enabled"": true, ""raw"": ""03 3A 83 6B"", ""reached"": true, ""stall_protection"": false, ""stalled"": false, ""status"": 131}}",D:\ccy\Desktop\Delta_Robot\1 writer_bot\flutter\1.0\write_bot\02_visual\stage2_error_grid\images\0069_z2_x0_y3_r0.jpg,D:\ccy\Desktop\Delta_Robot\1 writer_bot\flutter\1.0\write_bot\02_visual\stage2_error_grid\overlays\0069_z2_x0_y3_r0_overlay.jpg,
70,z2_x0_y4,0,2,0,4,1782973731.691578,center,-40.0,25.0,75.0,False,,,,,,,,,,,,,50:20,2.5,True,0.20830774307250977,2.0,1782973731.6917326,-130.902099609375,-40.440673828125,-90.164794921875,-52.36083984375,-16.17626953125,-36.06591796875,True,True,True,"{""1"": {""enabled"": true, ""raw"": ""01 3A 83 6B"", ""reached"": true, ""stall_protection"": false, ""stalled"": false, ""status"": 131}, ""2"": {""enabled"": true, ""raw"": ""02 3A 83 6B"", ""reached"": true, ""stall_protection"": false, ""stalled"": false, ""status"": 131}, ""3"": {""enabled"": true, ""raw"": ""03 3A 83 6B"", ""reached"": true, ""stall_protection"": false, ""stalled"": false, ""status"": 131}}",D:\ccy\Desktop\Delta_Robot\1 writer_bot\flutter\1.0\write_bot\02_visual\stage2_error_grid\images\0070_z2_x0_y4_r0.jpg,D:\ccy\Desktop\Delta_Robot\1 writer_bot\flutter\1.0\write_bot\02_visual\stage2_error_grid\overlays\0070_z2_x0_y4_r0_overlay.jpg,no AprilTag detected
71,z2_x1_y4,0,2,1,4,1782973735.197462,center,-20.0,25.0,75.0,True,18.778261200727403,-12.689294335679659,143.30020039258275,-17.3560375269333,23.14667081576151,76.12976570601728,2.6439624730667006,-1.8533291842384898,1.129765706017281,3.228833632154975,0.18828937536320484,0.19048150451556145,50:20,2.5,True,0.18699312210083008,2.0,1782973735.1977315,-106.06201171875,-47.340087890625,-97.0751953125,-42.4248046875,-18.93603515625,-38.830078125,True,True,True,"{""1"": {""enabled"": true, ""raw"": ""01 3A 83 6B"", ""reached"": true, ""stall_protection"": false, ""stalled"": false, ""status"": 131}, ""2"": {""enabled"": true, ""raw"": ""02 3A 83 6B"", ""reached"": true, ""stall_protection"": false, ""stalled"": false, ""status"": 131}, ""3"": {""enabled"": true, ""raw"": ""03 3A 83 6B"", ""reached"": true, ""stall_protection"": false, ""stalled"": false, ""status"": 131}}",D:\ccy\Desktop\Delta_Robot\1 writer_bot\flutter\1.0\write_bot\02_visual\stage2_error_grid\images\0071_z2_x1_y4_r0.jpg,D:\ccy\Desktop\Delta_Robot\1 writer_bot\flutter\1.0\write_bot\02_visual\stage2_error_grid\overlays\0071_z2_x1_y4_r0_overlay.jpg,
72,z2_x2_y4,0,2,2,4,1782973738.7115533,center,0.0,25.0,75.0,True,20.55537623555987,5.3200173683457805,144.59678069067496,0.7394009307975085,23.367018092241494,77.42634600410949,0.7394009307975085,-1.6329819077585057,2.42634600410949,1.792580164882684,0.010902856925547877,0.010908345656100134,50:20,2.5,True,0.17857599258422852,2.0,1782973738.7117987,-82.364501953125,-57.5244140625,-106.50146484375,-32.94580078125,-23.009765625,-42.6005859375,True,True,True,"{""1"": {""enabled"": true, ""raw"": ""01 3A 83 6B"", ""reached"": true, ""stall_protection"": false, ""stalled"": false, ""status"": 131}, ""2"": {""enabled"": true, ""raw"": ""02 3A 83 6B"", ""reached"": true, ""stall_protection"": false, ""stalled"": false, ""status"": 131}, ""3"": {""enabled"": true, ""raw"": ""03 3A 83 6B"", ""reached"": true, ""stall_protection"": false, ""stalled"": false, ""status"": 131}}",D:\ccy\Desktop\Delta_Robot\1 writer_bot\flutter\1.0\write_bot\02_visual\stage2_error_grid\images\0072_z2_x2_y4_r0.jpg,D:\ccy\Desktop\Delta_Robot\1 writer_bot\flutter\1.0\write_bot\02_visual\stage2_error_grid\overlays\0072_z2_x2_y4_r0_overlay.jpg,
73,z2_x3_y4,0,2,3,4,1782973742.223219,center,20.0,25.0,75.0,True,22.231201354618506,23.057855541520418,144.10251228028122,18.555654769673815,23.509818778950308,76.93207759371575,-1.444345230326185,-1.490181221049692,1.9320775937157464,2.0752766600950228,0.4423975819208611,0.4470343073936941,50:20,2.5,True,0.19191837310791016,2.0,1782973742.2234578,-60.8203125,-70.543212890625,-118.509521484375,-24.328125,-28.21728515625,-47.40380859375,True,True,True,"{""1"": {""enabled"": true, ""raw"": ""01 3A 83 6B"", ""reached"": true, ""stall_protection"": false, ""stalled"": false, ""status"": 131}, ""2"": {""enabled"": true, ""raw"": ""02 3A 83 6B"", ""reached"": true, ""stall_protection"": false, ""stalled"": false, ""status"": 131}, ""3"": {""enabled"": true, ""raw"": ""03 3A 83 6B"", ""reached"": true, ""stall_protection"": false, ""stalled"": false, ""status"": 131}}",D:\ccy\Desktop\Delta_Robot\1 writer_bot\flutter\1.0\write_bot\02_visual\stage2_error_grid\images\0073_z2_x3_y4_r0.jpg,D:\ccy\Desktop\Delta_Robot\1 writer_bot\flutter\1.0\write_bot\02_visual\stage2_error_grid\overlays\0073_z2_x3_y4_r0_overlay.jpg,
74,z2_x4_y4,0,2,4,4,1782973745.7330844,center,40.0,25.0,75.0,True,23.616934648278903,40.49368749428997,144.29159366532195,36.04605328001334,23.38959982914802,77.12115897875648,-3.9539467199866607,-1.6104001708519817,2.1211589787564833,4.269318842013719,0.44826660829145953,0.451831187964616,50:20,2.5,True,0.19783520698547363,2.0,1782973745.733364,-42.275390625,-86.41845703125,-132.626953125,-16.91015625,-34.5673828125,-53.05078125,True,True,True,"{""1"": {""enabled"": true, ""raw"": ""01 3A 83 6B"", ""reached"": true, ""stall_protection"": false, ""stalled"": false, ""status"": 131}, ""2"": {""enabled"": true, ""raw"": ""02 3A 83 6B"", ""reached"": true, ""stall_protection"": false, ""stalled"": false, ""status"": 131}, ""3"": {""enabled"": true, ""raw"": ""03 3A 83 6B"", ""reached"": true, ""stall_protection"": false, ""stalled"": false, ""status"": 131}}",D:\ccy\Desktop\Delta_Robot\1 writer_bot\flutter\1.0\write_bot\02_visual\stage2_error_grid\images\0074_z2_x4_y4_r0.jpg,D:\ccy\Desktop\Delta_Robot\1 writer_bot\flutter\1.0\write_bot\02_visual\stage2_error_grid\overlays\0074_z2_x4_y4_r0_overlay.jpg,
75,z0_x0_y0,1,0,0,0,1782973750.7503002,center,-40.0,-20.0,55.0,True,-23.89773429297619,-27.6095100180678,119.95235596247636,-35.89426287118562,-18.08666070708917,52.78192127591089,4.105737128814383,1.9133392929108304,-2.2180787240891107,4.529673787451088,0.2683096085355089,0.2687063885790559,50:20,2.5,True,0.17578864097595215,2.0,1782973750.7505884,-144.77783203125,-104.87548828125,-69.862060546875,-57.9111328125,-41.9501953125,-27.94482421875,True,True,True,"{""1"": {""enabled"": true, ""raw"": ""01 3A 83 6B"", ""reached"": true, ""stall_protection"": false, ""stalled"": false, ""status"": 131}, ""2"": {""enabled"": true, ""raw"": ""02 3A 83 6B"", ""reached"": true, ""stall_protection"": false, ""stalled"": false, ""status"": 131}, ""3"": {""enabled"": true, ""raw"": ""03 3A 83 6B"", ""reached"": true, ""stall_protection"": false, ""stalled"": false, ""status"": 131}}",D:\ccy\Desktop\Delta_Robot\1 writer_bot\flutter\1.0\write_bot\02_visual\stage2_error_grid\images\0075_z0_x0_y0_r1.jpg,D:\ccy\Desktop\Delta_Robot\1 writer_bot\flutter\1.0\write_bot\02_visual\stage2_error_grid\overlays\0075_z0_x0_y0_r1_overlay.jpg,
76,z0_x1_y0,1,0,1,0,1782973754.5119355,center,-20.0,-20.0,55.0,True,-22.17443111528595,-9.34450055359946,121.68946055238027,-17.54870757672127,-17.94193504555504,54.5190258658148,2.45129242327873,2.0580649544449585,-0.4809741341852032,3.200697720988072,0.4048436716486536,0.41001217273336893,50:20,2.5,True,0.25587987899780273,2.0,1782973754.5121891,-122.84912109375,-110.797119140625,-76.212158203125,-49.1396484375,-44.31884765625,-30.48486328125,True,True,True,"{""1"": {""enabled"": true, ""raw"": ""01 3A 83 6B"", ""reached"": true, ""stall_protection"": false, ""stalled"": false, ""status"": 131}, ""2"": {""enabled"": true, ""raw"": ""02 3A 83 6B"", ""reached"": true, ""stall_protection"": false, ""stalled"": false, ""status"": 131}, ""3"": {""enabled"": true, ""raw"": ""03 3A 83 6B"", ""reached"": true, ""stall_protection"": false, ""stalled"": false, ""status"": 131}}",D:\ccy\Desktop\Delta_Robot\1 writer_bot\flutter\1.0\write_bot\02_visual\stage2_error_grid\images\0076_z0_x1_y0_r1.jpg,D:\ccy\Desktop\Delta_Robot\1 writer_bot\flutter\1.0\write_bot\02_visual\stage2_error_grid\overlays\0076_z0_x1_y0_r1_overlay.jpg,
77,z0_x2_y0,1,0,2,0,1782973758.031623,center,0.0,-20.0,55.0,True,-20.482711957531862,8.834903385376805,121.7109394861761,0.7088412812642582,-17.82130758827769,54.54050479961063,0.7088412812642582,2.1786924117223094,-0.45949520038936953,2.2911037922627444,0.3095869618701389,0.31424361484316876,50:20,2.5,True,0.18099188804626465,2.0,1782973758.0319107,-102.32666015625,-119.1796875,-85.0341796875,-40.9306640625,-47.671875,-34.013671875,True,True,True,"{""1"": {""enabled"": true, ""raw"": ""01 3A 83 6B"", ""reached"": true, ""stall_protection"": false, ""stalled"": false, ""status"": 131}, ""2"": {""enabled"": true, ""raw"": ""02 3A 83 6B"", ""reached"": true, ""stall_protection"": false, ""stalled"": false, ""status"": 131}, ""3"": {""enabled"": true, ""raw"": ""03 3A 83 6B"", ""reached"": true, ""stall_protection"": false, ""stalled"": false, ""status"": 131}}",D:\ccy\Desktop\Delta_Robot\1 writer_bot\flutter\1.0\write_bot\02_visual\stage2_error_grid\images\0077_z0_x2_y0_r1.jpg,D:\ccy\Desktop\Delta_Robot\1 writer_bot\flutter\1.0\write_bot\02_visual\stage2_error_grid\overlays\0077_z0_x2_y0_r1_overlay.jpg,
78,z0_x3_y0,1,0,3,0,1782973761.5356853,center,20.0,-20.0,55.0,True,-18.93473564469094,26.91644017203911,121.3529309312552,18.856513385071896,-17.835465456081028,54.18249624468973,-1.1434866149281042,2.164534543918972,-0.8175037553102698,2.4480137724976645,0.5040911347485117,0.5079357834052783,50:20,2.5,True,0.1817636489868164,2.0,1782973761.5359209,-83.463134765625,-129.693603515625,-96.339111328125,-33.38525390625,-51.87744140625,-38.53564453125,True,True,True,"{""1"": {""enabled"": true, ""raw"": ""01 3A 83 6B"", ""reached"": true, ""stall_protection"": false, ""stalled"": false, ""status"": 131}, ""2"": {""enabled"": true, ""raw"": ""02 3A 83 6B"", ""reached"": true, ""stall_protection"": false, ""stalled"": false, ""status"": 131}, ""3"": {""enabled"": true, ""raw"": ""03 3A 83 6B"", ""reached"": true, ""stall_protection"": false, ""stalled"": false, ""status"": 131}}",D:\ccy\Desktop\Delta_Robot\1 writer_bot\flutter\1.0\write_bot\02_visual\stage2_error_grid\images\0078_z0_x3_y0_r1.jpg,D:\ccy\Desktop\Delta_Robot\1 writer_bot\flutter\1.0\write_bot\02_visual\stage2_error_grid\overlays\0078_z0_x3_y0_r1_overlay.jpg,
79,z0_x4_y0,1,0,4,0,1782973765.0492864,center,40.0,-20.0,55.0,True,-17.07066292238766,44.81525987431053,121.07158569000376,36.84935490775124,-17.5189725048157,53.90115100343829,-3.1506450922487588,2.4810274951843,-1.0988489965617134,4.010244622111184,0.001946302407452305,0.001948637586431228,50:20,2.5,True,0.20281434059143066,2.0,1782973765.0495093,-67.1099853515625,-142.36083984375,-110.23681640625,-26.843994140625,-56.9443359375,-44.0947265625,True,True,True,"{""1"": {""enabled"": true, ""raw"": ""01 3A 83 6B"", ""reached"": true, ""stall_protection"": false, ""stalled"": false, ""status"": 131}, ""2"": {""enabled"": true, ""raw"": ""02 3A 83 6B"", ""reached"": true, ""stall_protection"": false, ""stalled"": false, ""status"": 131}, ""3"": {""enabled"": true, ""raw"": ""03 3A 83 6B"", ""reached"": true, ""stall_protection"": false, ""stalled"": false, ""status"": 131}}",D:\ccy\Desktop\Delta_Robot\1 writer_bot\flutter\1.0\write_bot\02_visual\stage2_error_grid\images\0079_z0_x4_y0_r1.jpg,D:\ccy\Desktop\Delta_Robot\1 writer_bot\flutter\1.0\write_bot\02_visual\stage2_error_grid\overlays\0079_z0_x4_y0_r1_overlay.jpg,
80,z0_x4_y1,1,0,4,1,1782973768.309927,center,40.0,-8.75,55.0,True,-7.120252575744859,43.96647224224927,122.19195031221648,36.860210451304724,-7.5324321294859935,55.021515625651006,-3.1397895486952763,1.2175678705140065,0.02151562565100562,3.3676029946245296,0.26031531577300054,0.263636215719248,50:20,2.5,True,0.1788785457611084,2.0,1782973768.3101957,-66.11572265625,-132.626953125,-118.619384765625,-26.4462890625,-53.05078125,-47.44775390625,True,True,True,"{""1"": {""enabled"": true, ""raw"": ""01 3A 83 6B"", ""reached"": true, ""stall_protection"": false, ""stalled"": false, ""status"": 131}, ""2"": {""enabled"": true, ""raw"": ""02 3A 83 6B"", ""reached"": true, ""stall_protection"": false, ""stalled"": false, ""status"": 131}, ""3"": {""enabled"": true, ""raw"": ""03 3A 83 6B"", ""reached"": true, ""stall_protection"": false, ""stalled"": false, ""status"": 131}}",D:\ccy\Desktop\Delta_Robot\1 writer_bot\flutter\1.0\write_bot\02_visual\stage2_error_grid\images\0080_z0_x4_y1_r1.jpg,D:\ccy\Desktop\Delta_Robot\1 writer_bot\flutter\1.0\write_bot\02_visual\stage2_error_grid\overlays\0080_z0_x4_y1_r1_overlay.jpg,
81,z0_x3_y1,1,0,3,1,1782973771.823503,center,20.0,-8.75,55.0,True,-8.150073180859984,26.26159107753663,123.34822318960946,19.132396880446382,-7.034462720579333,56.177788503043985,-0.8676031195536176,1.7155372794206674,1.1777885030439847,1.9224472242798327,0.07171289028753557,0.07231756175620496,50:20,2.5,True,0.21203947067260742,2.0,1782973771.8237312,-82.408447265625,-119.542236328125,-105.00732421875,-32.96337890625,-47.81689453125,-42.0029296875,True,True,True,"{""1"": {""enabled"": true, ""raw"": ""01 3A 83 6B"", ""reached"": true, ""stall_protection"": false, ""stalled"": false, ""status"": 131}, ""2"": {""enabled"": true, ""raw"": ""02 3A 83 6B"", ""reached"": true, ""stall_protection"": false, ""stalled"": false, ""status"": 131}, ""3"": {""enabled"": true, ""raw"": ""03 3A 83 6B"", ""reached"": true, ""stall_protection"": false, ""stalled"": false, ""status"": 131}}",D:\ccy\Desktop\Delta_Robot\1 writer_bot\flutter\1.0\write_bot\02_visual\stage2_error_grid\images\0081_z0_x3_y1_r1.jpg,D:\ccy\Desktop\Delta_Robot\1 writer_bot\flutter\1.0\write_bot\02_visual\stage2_error_grid\overlays\0081_z0_x3_y1_r1_overlay.jpg,
82,z0_x2_y1,1,0,2,1,1782973775.3435986,center,0.0,-8.75,55.0,True,-10.115750595139513,8.21698887417848,121.50159724427252,0.9855681794080119,-7.439634868704556,54.331162557707046,0.9855681794080119,1.3103651312954439,-0.6688374422929542,1.6396345365893428,0.3531264882708986,0.3550570545586454,50:20,2.5,True,0.18055129051208496,2.0,1782973775.3438454,-101.31591796875,-108.731689453125,-93.7353515625,-40.5263671875,-43.49267578125,-37.494140625,True,True,True,"{""1"": {""enabled"": true, ""raw"": ""01 3A 83 6B"", ""reached"": true, ""stall_protection"": false, ""stalled"": false, ""status"": 131}, ""2"": {""enabled"": true, ""raw"": ""02 3A 83 6B"", ""reached"": true, ""stall_protection"": false, ""stalled"": false, ""status"": 131}, ""3"": {""enabled"": true, ""raw"": ""03 3A 83 6B"", ""reached"": true, ""stall_protection"": false, ""stalled"": false, ""status"": 131}}",D:\ccy\Desktop\Delta_Robot\1 writer_bot\flutter\1.0\write_bot\02_visual\stage2_error_grid\images\0082_z0_x2_y1_r1.jpg,D:\ccy\Desktop\Delta_Robot\1 writer_bot\flutter\1.0\write_bot\02_visual\stage2_error_grid\overlays\0082_z0_x2_y1_r1_overlay.jpg,
83,z0_x1_y1,1,0,1,1,1782973778.8458204,center,-20.0,-8.75,55.0,True,-11.796367218017071,-9.812475211284962,123.28198578934698,-17.121641654244346,-7.562107241882644,56.111551102781505,2.878358345755654,1.1878927581173562,1.1115511027815046,3.113845849005516,0.12045572501941197,0.12068592288474156,50:20,2.5,True,0.19124650955200195,2.0,1782973778.8460596,-121.915283203125,-100.21728515625,-84.92431640625,-48.76611328125,-40.0869140625,-33.9697265625,True,True,True,"{""1"": {""enabled"": true, ""raw"": ""01 3A 83 6B"", ""reached"": true, ""stall_protection"": false, ""stalled"": false, ""status"": 131}, ""2"": {""enabled"": true, ""raw"": ""02 3A 83 6B"", ""reached"": true, ""stall_protection"": false, ""stalled"": false, ""status"": 131}, ""3"": {""enabled"": true, ""raw"": ""03 3A 83 6B"", ""reached"": true, ""stall_protection"": false, ""stalled"": false, ""status"": 131}}",D:\ccy\Desktop\Delta_Robot\1 writer_bot\flutter\1.0\write_bot\02_visual\stage2_error_grid\images\0083_z0_x1_y1_r1.jpg,D:\ccy\Desktop\Delta_Robot\1 writer_bot\flutter\1.0\write_bot\02_visual\stage2_error_grid\overlays\0083_z0_x1_y1_r1_overlay.jpg,
84,z0_x0_y1,1,0,0,1,1782973782.3571754,center,-40.0,-8.75,55.0,True,-13.666938084186688,-28.054829610427387,121.56831040026225,-35.45730220100634,-7.855504077565927,54.39787571369678,4.542697798993657,0.8944959224340732,-0.6021242863032228,4.6299272400582066,0.12232715628587712,0.12278359174872724,50:20,2.5,True,0.18461108207702637,2.0,1782973782.357424,-143.756103515625,-93.988037109375,-78.7939453125,-57.50244140625,-37.59521484375,-31.517578125,True,True,True,"{""1"": {""enabled"": true, ""raw"": ""01 3A 83 6B"", ""reached"": true, ""stall_protection"": false, ""stalled"": false, ""status"": 131}, ""2"": {""enabled"": true, ""raw"": ""02 3A 83 6B"", ""reached"": true, ""stall_protection"": false, ""stalled"": false, ""status"": 131}, ""3"": {""enabled"": true, ""raw"": ""03 3A 83 6B"", ""reached"": true, ""stall_protection"": false, ""stalled"": false, ""status"": 131}}",D:\ccy\Desktop\Delta_Robot\1 writer_bot\flutter\1.0\write_bot\02_visual\stage2_error_grid\images\0084_z0_x0_y1_r1.jpg,D:\ccy\Desktop\Delta_Robot\1 writer_bot\flutter\1.0\write_bot\02_visual\stage2_error_grid\overlays\0084_z0_x0_y1_r1_overlay.jpg,
85,z0_x0_y2,1,0,0,2,1782973785.6198049,center,-40.0,2.5,55.0,True,-3.5291275894072456,-28.8201850980317,123.0259727035837,-35.34719348417333,2.310559404477831,55.85553801701823,4.6528065158266685,-0.1894405955221692,0.8555380170182332,4.656661487906426,0.2685758932229908,0.27313374215882336,50:20,2.5,True,0.20033550262451172,2.0,1782973785.620063,-143.41552734375,-84.0234375,-88.472900390625,-57.3662109375,-33.609375,-35.38916015625,True,True,True,"{""1"": {""enabled"": true, ""raw"": ""01 3A 83 6B"", ""reached"": true, ""stall_protection"": false, ""stalled"": false, ""status"": 131}, ""2"": {""enabled"": true, ""raw"": ""02 3A 83 6B"", ""reached"": true, ""stall_protection"": false, ""stalled"": false, ""status"": 131}, ""3"": {""enabled"": true, ""raw"": ""03 3A 83 6B"", ""reached"": true, ""stall_protection"": false, ""stalled"": false, ""status"": 131}}",D:\ccy\Desktop\Delta_Robot\1 writer_bot\flutter\1.0\write_bot\02_visual\stage2_error_grid\images\0085_z0_x0_y2_r1.jpg,D:\ccy\Desktop\Delta_Robot\1 writer_bot\flutter\1.0\write_bot\02_visual\stage2_error_grid\overlays\0085_z0_x0_y2_r1_overlay.jpg,
86,z0_x1_y2,1,0,1,2,1782973789.1352727,center,-20.0,2.5,55.0,True,-1.64953181215901,-10.86104983235914,122.74611040611606,-17.292924090896104,2.637326066710057,55.57567571955059,2.707075909103896,0.13732606671005687,0.5756757195505884,2.7105568480016684,0.35189851471922673,0.3555147536623553,50:20,2.5,True,0.2093644142150879,2.0,1782973789.1354997,-121.585693359375,-90.208740234375,-94.6142578125,-48.63427734375,-36.08349609375,-37.845703125,True,True,True,"{""1"": {""enabled"": true, ""raw"": ""01 3A 83 6B"", ""reached"": true, ""stall_protection"": false, ""stalled"": false, ""status"": 131}, ""2"": {""enabled"": true, ""raw"": ""02 3A 83 6B"", ""reached"": true, ""stall_protection"": false, ""stalled"": false, ""status"": 131}, ""3"": {""enabled"": true, ""raw"": ""03 3A 83 6B"", ""reached"": true, ""stall_protection"": false, ""stalled"": false, ""status"": 131}}",D:\ccy\Desktop\Delta_Robot\1 writer_bot\flutter\1.0\write_bot\02_visual\stage2_error_grid\images\0086_z0_x1_y2_r1.jpg,D:\ccy\Desktop\Delta_Robot\1 writer_bot\flutter\1.0\write_bot\02_visual\stage2_error_grid\overlays\0086_z0_x1_y2_r1_overlay.jpg,
87,z0_x2_y2,1,0,2,2,1782973792.6458025,center,0.0,2.5,55.0,True,0.003180737326303973,7.182694758403002,123.25175932104241,0.826111371800151,2.730768719924252,56.08132463447694,0.826111371800151,0.23076871992425207,1.0813246344769425,0.8577378391519201,0.27850226108122567,0.27920880665754083,50:20,2.5,True,0.17892217636108398,2.0,1782973792.6461005,-100.986328125,-98.9208984375,-103.24951171875,-40.39453125,-39.568359375,-41.2998046875,True,True,True,"{""1"": {""enabled"": true, ""raw"": ""01 3A 83 6B"", ""reached"": true, ""stall_protection"": false, ""stalled"": false, ""status"": 131}, ""2"": {""enabled"": true, ""raw"": ""02 3A 83 6B"", ""reached"": true, ""stall_protection"": false, ""stalled"": false, ""status"": 131}, ""3"": {""enabled"": true, ""raw"": ""03 3A 83 6B"", ""reached"": true, ""stall_protection"": false, ""stalled"": false, ""status"": 131}}",D:\ccy\Desktop\Delta_Robot\1 writer_bot\flutter\1.0\write_bot\02_visual\stage2_error_grid\images\0087_z0_x2_y2_r1.jpg,D:\ccy\Desktop\Delta_Robot\1 writer_bot\flutter\1.0\write_bot\02_visual\stage2_error_grid\overlays\0087_z0_x2_y2_r1_overlay.jpg,
88,z0_x3_y2,1,0,3,2,1782973796.1548202,center,20.0,2.5,55.0,True,1.8039922052021637,25.235271484957508,122.63598677246424,18.96669397416226,2.9710003952869872,55.465552085898764,-1.0333060258377387,0.47100039528698723,0.4655520858987643,1.1355891490292955,0.14877764041422842,0.1499205039411573,50:20,2.5,True,0.19840025901794434,2.0,1782973796.1550562,-82.122802734375,-110.028076171875,-114.290771484375,-32.84912109375,-44.01123046875,-45.71630859375,True,True,True,"{""1"": {""enabled"": true, ""raw"": ""01 3A 83 6B"", ""reached"": true, ""stall_protection"": false, ""stalled"": false, ""status"": 131}, ""2"": {""enabled"": true, ""raw"": ""02 3A 83 6B"", ""reached"": true, ""stall_protection"": false, ""stalled"": false, ""status"": 131}, ""3"": {""enabled"": true, ""raw"": ""03 3A 83 6B"", ""reached"": true, ""stall_protection"": false, ""stalled"": false, ""status"": 131}}",D:\ccy\Desktop\Delta_Robot\1 writer_bot\flutter\1.0\write_bot\02_visual\stage2_error_grid\images\0088_z0_x3_y2_r1.jpg,D:\ccy\Desktop\Delta_Robot\1 writer_bot\flutter\1.0\write_bot\02_visual\stage2_error_grid\overlays\0088_z0_x3_y2_r1_overlay.jpg,
89,z0_x4_y2,1,0,4,2,1782973799.6706922,center,40.0,2.5,55.0,True,3.1590969291949555,42.595225914971294,123.74084352537534,36.37886018734861,2.8267977964384787,56.57040883880987,-3.6211398126513927,0.3267977964384787,1.5704088388098683,3.635856204874721,0.5829137925083774,0.588402238662967,50:20,2.5,True,0.18663382530212402,2.0,1782973799.6709578,-65.89599609375,-123.409423828125,-127.50732421875,-26.3583984375,-49.36376953125,-51.0029296875,True,True,True,"{""1"": {""enabled"": true, ""raw"": ""01 3A 83 6B"", ""reached"": true, ""stall_protection"": false, ""stalled"": false, ""status"": 131}, ""2"": {""enabled"": true, ""raw"": ""02 3A 83 6B"", ""reached"": true, ""stall_protection"": false, ""stalled"": false, ""status"": 131}, ""3"": {""enabled"": true, ""raw"": ""03 3A 83 6B"", ""reached"": true, ""stall_protection"": false, ""stalled"": false, ""status"": 131}}",D:\ccy\Desktop\Delta_Robot\1 writer_bot\flutter\1.0\write_bot\02_visual\stage2_error_grid\images\0089_z0_x4_y2_r1.jpg,D:\ccy\Desktop\Delta_Robot\1 writer_bot\flutter\1.0\write_bot\02_visual\stage2_error_grid\overlays\0089_z0_x4_y2_r1_overlay.jpg,
90,z0_x4_y3,1,0,4,3,1782973803.1794665,center,40.0,13.75,55.0,True,13.073112523591226,42.213657071954536,122.14644754091111,36.852067746141046,12.736862104715964,54.97601285434564,-3.1479322538589543,-1.0131378952840357,-0.023987145654359665,3.3069511441426043,0.23937870736838748,0.2425277774023514,50:20,2.5,True,0.18381714820861816,2.0,1782973803.179745,-66.434326171875,-114.7412109375,-137.010498046875,-26.57373046875,-45.896484375,-54.80419921875,True,True,True,"{""1"": {""enabled"": true, ""raw"": ""01 3A 83 6B"", ""reached"": true, ""stall_protection"": false, ""stalled"": false, ""status"": 131}, ""2"": {""enabled"": true, ""raw"": ""02 3A 83 6B"", ""reached"": true, ""stall_protection"": false, ""stalled"": false, ""status"": 131}, ""3"": {""enabled"": true, ""raw"": ""03 3A 83 6B"", ""reached"": true, ""stall_protection"": false, ""stalled"": false, ""status"": 131}}",D:\ccy\Desktop\Delta_Robot\1 writer_bot\flutter\1.0\write_bot\02_visual\stage2_error_grid\images\0090_z0_x4_y3_r1.jpg,D:\ccy\Desktop\Delta_Robot\1 writer_bot\flutter\1.0\write_bot\02_visual\stage2_error_grid\overlays\0090_z0_x4_y3_r1_overlay.jpg,
91,z0_x3_y3,1,0,3,3,1782973806.9456778,center,20.0,13.75,55.0,True,12.552153805961268,24.62491048739286,123.23311734913557,19.28375859809126,13.731808374599387,56.0626826625701,-0.7162414019087393,-0.01819162540061292,1.0626826625700971,0.7164723867972251,0.6749001695247432,0.6835856242008028,50:20,2.5,True,0.1972639560699463,2.0,1782973806.9459343,-82.913818359375,-100.975341796875,-124.12353515625,-33.16552734375,-40.39013671875,-49.6494140625,True,True,True,"{""1"": {""enabled"": true, ""raw"": ""01 3A 83 6B"", ""reached"": true, ""stall_protection"": false, ""stalled"": false, ""status"": 131}, ""2"": {""enabled"": true, ""raw"": ""02 3A 83 6B"", ""reached"": true, ""stall_protection"": false, ""stalled"": false, ""status"": 131}, ""3"": {""enabled"": true, ""raw"": ""03 3A 83 6B"", ""reached"": true, ""stall_protection"": false, ""stalled"": false, ""status"": 131}}",D:\ccy\Desktop\Delta_Robot\1 writer_bot\flutter\1.0\write_bot\02_visual\stage2_error_grid\images\0091_z0_x3_y3_r1.jpg,D:\ccy\Desktop\Delta_Robot\1 writer_bot\flutter\1.0\write_bot\02_visual\stage2_error_grid\overlays\0091_z0_x3_y3_r1_overlay.jpg,
92,z0_x2_y3,1,0,2,3,1782973810.4554055,center,0.0,13.75,55.0,True,10.607845007211354,6.666513378095588,123.53840029561704,1.2246543742193405,13.34050533162086,56.367965609051566,1.2246543742193405,-0.40949466837913917,1.3679656090515664,1.2913033027625638,0.10146577497150153,0.10230061453282582,50:20,2.5,True,0.18347954750061035,2.0,1782973810.4556541,-101.77734375,-89.75830078125,-113.280029296875,-40.7109375,-35.9033203125,-45.31201171875,True,True,True,"{""1"": {""enabled"": true, ""raw"": ""01 3A 83 6B"", ""reached"": true, ""stall_protection"": false, ""stalled"": false, ""status"": 131}, ""2"": {""enabled"": true, ""raw"": ""02 3A 83 6B"", ""reached"": true, ""stall_protection"": false, ""stalled"": false, ""status"": 131}, ""3"": {""enabled"": true, ""raw"": ""03 3A 83 6B"", ""reached"": true, ""stall_protection"": false, ""stalled"": false, ""status"": 131}}",D:\ccy\Desktop\Delta_Robot\1 writer_bot\flutter\1.0\write_bot\02_visual\stage2_error_grid\images\0092_z0_x2_y3_r1.jpg,D:\ccy\Desktop\Delta_Robot\1 writer_bot\flutter\1.0\write_bot\02_visual\stage2_error_grid\overlays\0092_z0_x2_y3_r1_overlay.jpg,
93,z0_x1_y3,1,0,1,3,1782973813.9713154,center,-20.0,13.75,55.0,True,8.864039489872216,-11.050399206715976,124.4578253710747,-16.576603030873006,13.128175357755623,57.28739068450923,3.423396969126994,-0.621824642244377,2.2873906845092336,3.479412693822082,0.3001632245084761,0.30813848699749824,50:20,2.5,True,0.2028517723083496,2.0,1782973813.9715517,-122.244873046875,-80.848388671875,-104.87548828125,-48.89794921875,-32.33935546875,-41.9501953125,True,True,True,"{""1"": {""enabled"": true, ""raw"": ""01 3A 83 6B"", ""reached"": true, ""stall_protection"": false, ""stalled"": false, ""status"": 131}, ""2"": {""enabled"": true, ""raw"": ""02 3A 83 6B"", ""reached"": true, ""stall_protection"": false, ""stalled"": false, ""status"": 131}, ""3"": {""enabled"": true, ""raw"": ""03 3A 83 6B"", ""reached"": true, ""stall_protection"": false, ""stalled"": false, ""status"": 131}}",D:\ccy\Desktop\Delta_Robot\1 writer_bot\flutter\1.0\write_bot\02_visual\stage2_error_grid\images\0093_z0_x1_y3_r1.jpg,D:\ccy\Desktop\Delta_Robot\1 writer_bot\flutter\1.0\write_bot\02_visual\stage2_error_grid\overlays\0093_z0_x1_y3_r1_overlay.jpg,
94,z0_x0_y3,1,0,0,3,1782973817.7336135,center,-40.0,13.75,55.0,True,6.9729554757611085,-29.712754468149974,120.86533117717826,-35.332471325162665,12.850493562061708,53.69489649061279,4.667528674837335,-0.8995064379382924,-1.3051035093872088,4.7534130645591075,0.21868222137184126,0.221525846136137,50:20,2.5,True,0.17652344703674316,2.0,1782973817.7338617,-144.0966796875,-74.68505859375,-98.7890625,-57.638671875,-29.8740234375,-39.515625,True,True,True,"{""1"": {""enabled"": true, ""raw"": ""01 3A 83 6B"", ""reached"": true, ""stall_protection"": false, ""stalled"": false, ""status"": 131}, ""2"": {""enabled"": true, ""raw"": ""02 3A 83 6B"", ""reached"": true, ""stall_protection"": false, ""stalled"": false, ""status"": 131}, ""3"": {""enabled"": true, ""raw"": ""03 3A 83 6B"", ""reached"": true, ""stall_protection"": false, ""stalled"": false, ""status"": 131}}",D:\ccy\Desktop\Delta_Robot\1 writer_bot\flutter\1.0\write_bot\02_visual\stage2_error_grid\images\0094_z0_x0_y3_r1.jpg,D:\ccy\Desktop\Delta_Robot\1 writer_bot\flutter\1.0\write_bot\02_visual\stage2_error_grid\overlays\0094_z0_x0_y3_r1_overlay.jpg,
95,z0_x0_y4,1,0,0,4,1782973821.245203,center,-40.0,25.0,55.0,True,17.32316967467001,-30.800491452920273,118.98919838226911,-35.52526471455287,23.255921781041458,51.81876369570364,4.474735285447132,-1.744078218958542,-3.1812363042963625,4.802610197452133,0.3016609155453326,0.30429921124598064,50:20,2.5,True,0.20357608795166016,2.0,1782973821.2453527,-145.316162109375,-66.214599609375,-109.852294921875,-58.12646484375,-26.48583984375,-43.94091796875,True,True,True,"{""1"": {""enabled"": true, ""raw"": ""01 3A 83 6B"", ""reached"": true, ""stall_protection"": false, ""stalled"": false, ""status"": 131}, ""2"": {""enabled"": true, ""raw"": ""02 3A 83 6B"", ""reached"": true, ""stall_protection"": false, ""stalled"": false, ""status"": 131}, ""3"": {""enabled"": true, ""raw"": ""03 3A 83 6B"", ""reached"": true, ""stall_protection"": false, ""stalled"": false, ""status"": 131}}",D:\ccy\Desktop\Delta_Robot\1 writer_bot\flutter\1.0\write_bot\02_visual\stage2_error_grid\images\0095_z0_x0_y4_r1.jpg,D:\ccy\Desktop\Delta_Robot\1 writer_bot\flutter\1.0\write_bot\02_visual\stage2_error_grid\overlays\0095_z0_x0_y4_r1_overlay.jpg,
96,z0_x1_y4,1,0,1,4,1782973825.0059736,center,-20.0,25.0,55.0,True,18.77209574695179,-12.444619050542268,125.09398976864216,-17.112801037594092,23.119467539648873,57.92355508207669,2.8871989624059076,-1.8805324603511266,2.923555082076689,3.4456233373588603,0.3662852611699927,0.37069428597655896,50:20,2.5,True,0.21271753311157227,2.0,1782973825.0061426,-123.59619140625,-72.432861328125,-115.72998046875,-49.4384765625,-28.97314453125,-46.2919921875,True,True,True,"{""1"": {""enabled"": true, ""raw"": ""01 3A 83 6B"", ""reached"": true, ""stall_protection"": false, ""stalled"": false, ""status"": 131}, ""2"": {""enabled"": true, ""raw"": ""02 3A 83 6B"", ""reached"": true, ""stall_protection"": false, ""stalled"": false, ""status"": 131}, ""3"": {""enabled"": true, ""raw"": ""03 3A 83 6B"", ""reached"": true, ""stall_protection"": false, ""stalled"": false, ""status"": 131}}",D:\ccy\Desktop\Delta_Robot\1 writer_bot\flutter\1.0\write_bot\02_visual\stage2_error_grid\images\0096_z0_x1_y4_r1.jpg,D:\ccy\Desktop\Delta_Robot\1 writer_bot\flutter\1.0\write_bot\02_visual\stage2_error_grid\overlays\0096_z0_x1_y4_r1_overlay.jpg,
97,z0_x2_y4,1,0,2,4,1782973828.5181057,center,0.0,25.0,55.0,True,20.42852574654189,5.631756439428177,124.49909766521878,1.0390642004996617,23.213805103905546,57.32866297865331,1.0390642004996617,-1.7861948960944538,2.3286629786533126,2.066433308769939,0.43636268966706965,0.4431393604301552,50:20,2.5,True,0.18830227851867676,2.0,1782973828.5187469,-102.908935546875,-81.36474609375,-123.914794921875,-41.16357421875,-32.5458984375,-49.56591796875,True,True,True,"{""1"": {""enabled"": true, ""raw"": ""01 3A 83 6B"", ""reached"": true, ""stall_protection"": false, ""stalled"": false, ""status"": 131}, ""2"": {""enabled"": true, ""raw"": ""02 3A 83 6B"", ""reached"": true, ""stall_protection"": false, ""stalled"": false, ""status"": 131}, ""3"": {""enabled"": true, ""raw"": ""03 3A 83 6B"", ""reached"": true, ""stall_protection"": false, ""stalled"": false, ""status"": 131}}",D:\ccy\Desktop\Delta_Robot\1 writer_bot\flutter\1.0\write_bot\02_visual\stage2_error_grid\images\0097_z0_x2_y4_r1.jpg,D:\ccy\Desktop\Delta_Robot\1 writer_bot\flutter\1.0\write_bot\02_visual\stage2_error_grid\overlays\0097_z0_x2_y4_r1_overlay.jpg,
98,z0_x3_y4,1,0,3,4,1782973832.0347776,center,20.0,25.0,55.0,True,21.746740751502877,23.146486379487033,124.49912015420202,18.60225615915764,23.01952722088715,57.32868546763655,-1.3977438408423595,-1.9804727791128514,2.3286854676365465,2.4240380098958294,0.42362251216952773,0.42883219886119517,50:20,2.5,True,0.20838546752929688,2.0,1782973832.0350518,-84.22119140625,-92.691650390625,-134.373779296875,-33.6884765625,-37.07666015625,-53.74951171875,True,True,True,"{""1"": {""enabled"": true, ""raw"": ""01 3A 83 6B"", ""reached"": true, ""stall_protection"": false, ""stalled"": false, ""status"": 131}, ""2"": {""enabled"": true, ""raw"": ""02 3A 83 6B"", ""reached"": true, ""stall_protection"": false, ""stalled"": false, ""status"": 131}, ""3"": {""enabled"": true, ""raw"": ""03 3A 83 6B"", ""reached"": true, ""stall_protection"": false, ""stalled"": false, ""status"": 131}}",D:\ccy\Desktop\Delta_Robot\1 writer_bot\flutter\1.0\write_bot\02_visual\stage2_error_grid\images\0098_z0_x3_y4_r1.jpg,D:\ccy\Desktop\Delta_Robot\1 writer_bot\flutter\1.0\write_bot\02_visual\stage2_error_grid\overlays\0098_z0_x3_y4_r1_overlay.jpg,
99,z0_x4_y4,1,0,4,4,1782973835.5454848,center,40.0,25.0,55.0,True,23.036764619317786,40.764670378949205,123.85794291770793,36.266091629447125,22.788257903899634,56.68750823114246,-3.733908370552875,-2.211742096100366,1.6875082311424592,4.339801241917337,0.2191314010518815,0.22051403500407538,50:20,2.5,True,0.19943571090698242,2.0,1782973835.545741,-67.862548828125,-106.67724609375,-146.9091796875,-27.14501953125,-42.6708984375,-58.763671875,True,True,True,"{""1"": {""enabled"": true, ""raw"": ""01 3A 83 6B"", ""reached"": true, ""stall_protection"": false, ""stalled"": false, ""status"": 131}, ""2"": {""enabled"": true, ""raw"": ""02 3A 83 6B"", ""reached"": true, ""stall_protection"": false, ""stalled"": false, ""status"": 131}, ""3"": {""enabled"": true, ""raw"": ""03 3A 83 6B"", ""reached"": true, ""stall_protection"": false, ""stalled"": false, ""status"": 131}}",D:\ccy\Desktop\Delta_Robot\1 writer_bot\flutter\1.0\write_bot\02_visual\stage2_error_grid\images\0099_z0_x4_y4_r1.jpg,D:\ccy\Desktop\Delta_Robot\1 writer_bot\flutter\1.0\write_bot\02_visual\stage2_error_grid\overlays\0099_z0_x4_y4_r1_overlay.jpg,
100,z1_x0_y0,1,1,0,0,1782973840.559295,center,-40.0,-20.0,65.0,True,-24.34423624040236,-28.006687132128256,129.80266913572837,-36.32839905260746,-18.4973180155219,62.632234449162894,3.671600947392541,1.5026819844781016,-2.367765550837106,3.96720388477437,0.7197605587028105,0.727254770955285,50:20,2.5,True,0.18001389503479004,2.0,1782973840.559551,-137.57080078125,-94.932861328125,-57.689208984375,-55.0283203125,-37.97314453125,-23.07568359375,True,True,True,"{""1"": {""enabled"": true, ""raw"": ""01 3A 83 6B"", ""reached"": true, ""stall_protection"": false, ""stalled"": false, ""status"": 131}, ""2"": {""enabled"": true, ""raw"": ""02 3A 83 6B"", ""reached"": true, ""stall_protection"": false, ""stalled"": false, ""status"": 131}, ""3"": {""enabled"": true, ""raw"": ""03 3A 83 6B"", ""reached"": true, ""stall_protection"": false, ""stalled"": false, ""status"": 131}}",D:\ccy\Desktop\Delta_Robot\1 writer_bot\flutter\1.0\write_bot\02_visual\stage2_error_grid\images\0100_z1_x0_y0_r1.jpg,D:\ccy\Desktop\Delta_Robot\1 writer_bot\flutter\1.0\write_bot\02_visual\stage2_error_grid\overlays\0100_z1_x0_y0_r1_overlay.jpg,
101,z1_x1_y0,1,1,1,0,1782973844.0727298,center,-20.0,-20.0,65.0,True,-22.70730568684871,-9.573410389639415,130.74628718834825,-17.82263561622331,-18.453128209856565,63.57585250178278,2.177364383776691,1.5468717901434346,-1.4241474982172235,2.6709039658663887,0.48566487630692573,0.48953507336470875,50:20,2.5,True,0.19602155685424805,2.0,1782973844.0730007,-114.19189453125,-101.3818359375,-64.281005859375,-45.6767578125,-40.552734375,-25.71240234375,True,True,True,"{""1"": {""enabled"": true, ""raw"": ""01 3A 83 6B"", ""reached"": true, ""stall_protection"": false, ""stalled"": false, ""status"": 131}, ""2"": {""enabled"": true, ""raw"": ""02 3A 83 6B"", ""reached"": true, ""stall_protection"": false, ""stalled"": false, ""status"": 131}, ""3"": {""enabled"": true, ""raw"": ""03 3A 83 6B"", ""reached"": true, ""stall_protection"": false, ""stalled"": false, ""status"": 131}}",D:\ccy\Desktop\Delta_Robot\1 writer_bot\flutter\1.0\write_bot\02_visual\stage2_error_grid\images\0101_z1_x1_y0_r1.jpg,D:\ccy\Desktop\Delta_Robot\1 writer_bot\flutter\1.0\write_bot\02_visual\stage2_error_grid\overlays\0101_z1_x1_y0_r1_overlay.jpg,
102,z1_x2_y0,1,1,2,0,1782973847.5814278,center,0.0,-20.0,65.0,True,-20.598439371033486,8.6107695510571,132.3552063471874,0.4755779364297785,-17.917312910417973,65.18477166062192,0.4755779364297785,2.082687089582027,0.1847716606219194,2.1362958331491595,0.33132919487170226,0.33622517196136986,50:20,2.5,True,0.1751844882965088,2.0,1782973847.581673,-92.17529296875,-110.269775390625,-73.7841796875,-36.8701171875,-44.10791015625,-29.513671875,True,True,True,"{""1"": {""enabled"": true, ""raw"": ""01 3A 83 6B"", ""reached"": true, ""stall_protection"": false, ""stalled"": false, ""status"": 131}, ""2"": {""enabled"": true, ""raw"": ""02 3A 83 6B"", ""reached"": true, ""stall_protection"": false, ""stalled"": false, ""status"": 131}, ""3"": {""enabled"": true, ""raw"": ""03 3A 83 6B"", ""reached"": true, ""stall_protection"": false, ""stalled"": false, ""status"": 131}}",D:\ccy\Desktop\Delta_Robot\1 writer_bot\flutter\1.0\write_bot\02_visual\stage2_error_grid\images\0102_z1_x2_y0_r1.jpg,D:\ccy\Desktop\Delta_Robot\1 writer_bot\flutter\1.0\write_bot\02_visual\stage2_error_grid\overlays\0102_z1_x2_y0_r1_overlay.jpg,
103,z1_x3_y0,1,1,3,0,1782973851.3422515,center,20.0,-20.0,65.0,True,-19.018402479508897,26.622191540425753,132.4306145178453,18.55615512069574,-17.893493979030783,65.26017983127983,-1.4438448793042618,2.106506020969217,0.260179831279828,2.55383156294081,0.12976044844245965,0.13087984644502199,50:20,2.5,True,0.2571389675140381,2.0,1782973851.3425183,-72.125244140625,-121.5087890625,-85.946044921875,-28.85009765625,-48.603515625,-34.37841796875,True,True,True,"{""1"": {""enabled"": true, ""raw"": ""01 3A 83 6B"", ""reached"": true, ""stall_protection"": false, ""stalled"": false, ""status"": 131}, ""2"": {""enabled"": true, ""raw"": ""02 3A 83 6B"", ""reached"": true, ""stall_protection"": false, ""stalled"": false, ""status"": 131}, ""3"": {""enabled"": true, ""raw"": ""03 3A 83 6B"", ""reached"": true, ""stall_protection"": false, ""stalled"": false, ""status"": 131}}",D:\ccy\Desktop\Delta_Robot\1 writer_bot\flutter\1.0\write_bot\02_visual\stage2_error_grid\images\0103_z1_x3_y0_r1.jpg,D:\ccy\Desktop\Delta_Robot\1 writer_bot\flutter\1.0\write_bot\02_visual\stage2_error_grid\overlays\0103_z1_x3_y0_r1_overlay.jpg,
104,z1_x4_y0,1,1,4,0,1782973854.8587515,center,40.0,-20.0,65.0,False,,,,,,,,,,,,,50:20,2.5,True,0.18641996383666992,2.0,1782973854.8589938,-54.755859375,-134.989013671875,-100.645751953125,-21.90234375,-53.99560546875,-40.25830078125,True,True,True,"{""1"": {""enabled"": true, ""raw"": ""01 3A 83 6B"", ""reached"": true, ""stall_protection"": false, ""stalled"": false, ""status"": 131}, ""2"": {""enabled"": true, ""raw"": ""02 3A 83 6B"", ""reached"": true, ""stall_protection"": false, ""stalled"": false, ""status"": 131}, ""3"": {""enabled"": true, ""raw"": ""03 3A 83 6B"", ""reached"": true, ""stall_protection"": false, ""stalled"": false, ""status"": 131}}",D:\ccy\Desktop\Delta_Robot\1 writer_bot\flutter\1.0\write_bot\02_visual\stage2_error_grid\images\0104_z1_x4_y0_r1.jpg,D:\ccy\Desktop\Delta_Robot\1 writer_bot\flutter\1.0\write_bot\02_visual\stage2_error_grid\overlays\0104_z1_x4_y0_r1_overlay.jpg,no AprilTag detected
105,z1_x4_y1,1,1,4,1,1782973858.3715954,center,40.0,-8.75,65.0,True,-7.007717601962103,43.700511676475905,133.70439679153841,36.60492355844856,-7.397421962436919,66.53396210497294,-3.3950764415514385,1.352578037563081,1.533962104972943,3.6545877184267415,0.31472375577239303,0.31793589271694067,50:20,2.5,True,0.18419933319091797,2.0,1782973858.371847,-53.54736328125,-124.62890625,-109.66552734375,-21.4189453125,-49.8515625,-43.8662109375,True,True,True,"{""1"": {""enabled"": true, ""raw"": ""01 3A 83 6B"", ""reached"": true, ""stall_protection"": false, ""stalled"": false, ""status"": 131}, ""2"": {""enabled"": true, ""raw"": ""02 3A 83 6B"", ""reached"": true, ""stall_protection"": false, ""stalled"": false, ""status"": 131}, ""3"": {""enabled"": true, ""raw"": ""03 3A 83 6B"", ""reached"": true, ""stall_protection"": false, ""stalled"": false, ""status"": 131}}",D:\ccy\Desktop\Delta_Robot\1 writer_bot\flutter\1.0\write_bot\02_visual\stage2_error_grid\images\0105_z1_x4_y1_r1.jpg,D:\ccy\Desktop\Delta_Robot\1 writer_bot\flutter\1.0\write_bot\02_visual\stage2_error_grid\overlays\0105_z1_x4_y1_r1_overlay.jpg,
106,z1_x3_y1,1,1,3,1,1782973862.1332097,center,20.0,-8.75,65.0,True,-8.459664061142668,26.004319506051313,132.19864255534375,18.849431767470776,-7.320759628504362,65.02820786877828,-1.1505682325292241,1.4292403714956379,0.02820786877828141,1.8348120604624365,0.5010405066006827,0.502994059170695,50:20,2.5,True,0.18195199966430664,2.0,1782973862.1336489,-71.070556640625,-110.775146484375,-95.09765625,-28.42822265625,-44.31005859375,-38.0390625,True,True,True,"{""1"": {""enabled"": true, ""raw"": ""01 3A 83 6B"", ""reached"": true, ""stall_protection"": false, ""stalled"": false, ""status"": 131}, ""2"": {""enabled"": true, ""raw"": ""02 3A 83 6B"", ""reached"": true, ""stall_protection"": false, ""stalled"": false, ""status"": 131}, ""3"": {""enabled"": true, ""raw"": ""03 3A 83 6B"", ""reached"": true, ""stall_protection"": false, ""stalled"": false, ""status"": 131}}",D:\ccy\Desktop\Delta_Robot\1 writer_bot\flutter\1.0\write_bot\02_visual\stage2_error_grid\images\0106_z1_x3_y1_r1.jpg,D:\ccy\Desktop\Delta_Robot\1 writer_bot\flutter\1.0\write_bot\02_visual\stage2_error_grid\overlays\0106_z1_x3_y1_r1_overlay.jpg,
107,z1_x2_y1,1,1,2,1,1782973865.649058,center,0.0,-8.75,65.0,True,-10.21608064555274,8.0304014700707,132.28451404785946,0.7910372591530112,-7.5235318260531,65.11407936129399,0.7910372591530112,1.2264681739469,0.11407936129398877,1.4594396620185952,0.3531178861781485,0.3549491449938903,50:20,2.5,True,0.18972373008728027,2.0,1782973865.6493113,-91.1865234375,-99.07470703125,-83.111572265625,-36.474609375,-39.6298828125,-33.24462890625,True,True,True,"{""1"": {""enabled"": true, ""raw"": ""01 3A 83 6B"", ""reached"": true, ""stall_protection"": false, ""stalled"": false, ""status"": 131}, ""2"": {""enabled"": true, ""raw"": ""02 3A 83 6B"", ""reached"": true, ""stall_protection"": false, ""stalled"": false, ""status"": 131}, ""3"": {""enabled"": true, ""raw"": ""03 3A 83 6B"", ""reached"": true, ""stall_protection"": false, ""stalled"": false, ""status"": 131}}",D:\ccy\Desktop\Delta_Robot\1 writer_bot\flutter\1.0\write_bot\02_visual\stage2_error_grid\images\0107_z1_x2_y1_r1.jpg,D:\ccy\Desktop\Delta_Robot\1 writer_bot\flutter\1.0\write_bot\02_visual\stage2_error_grid\overlays\0107_z1_x2_y1_r1_overlay.jpg,
108,z1_x1_y1,1,1,1,1,1782973869.16015,center,-20.0,-8.75,65.0,True,-11.990050017466183,-10.15399718725979,130.98837234823526,-17.47856756086179,-7.725674304769729,63.81793766166979,2.5214324391382092,1.0243256952302708,-1.182062338330212,2.721555561631516,0.18908173206663315,0.19018926803449845,50:20,2.5,True,0.19182515144348145,2.0,1782973869.1603937,-113.170166015625,-89.97802734375,-73.740234375,-45.26806640625,-35.9912109375,-29.49609375,True,True,True,"{""1"": {""enabled"": true, ""raw"": ""01 3A 83 6B"", ""reached"": true, ""stall_protection"": false, ""stalled"": false, ""status"": 131}, ""2"": {""enabled"": true, ""raw"": ""02 3A 83 6B"", ""reached"": true, ""stall_protection"": false, ""stalled"": false, ""status"": 131}, ""3"": {""enabled"": true, ""raw"": ""03 3A 83 6B"", ""reached"": true, ""stall_protection"": false, ""stalled"": false, ""status"": 131}}",D:\ccy\Desktop\Delta_Robot\1 writer_bot\flutter\1.0\write_bot\02_visual\stage2_error_grid\images\0108_z1_x1_y1_r1.jpg,D:\ccy\Desktop\Delta_Robot\1 writer_bot\flutter\1.0\write_bot\02_visual\stage2_error_grid\overlays\0108_z1_x1_y1_r1_overlay.jpg,
109,z1_x0_y1,1,1,0,1,1782973872.6689053,center,-40.0,-8.75,65.0,True,-13.656952334650168,-28.374051884879187,131.86218557186905,-35.77448016675446,-7.818077967109795,64.69175088530358,4.225519833245542,0.9319220328902054,-0.308249114696423,4.327065580337054,0.07841538775374288,0.07909752728608363,50:20,2.5,True,0.20208191871643066,2.0,1782973872.669137,-136.417236328125,-83.29833984375,-67.060546875,-54.56689453125,-33.3193359375,-26.82421875,True,True,True,"{""1"": {""enabled"": true, ""raw"": ""01 3A 83 6B"", ""reached"": true, ""stall_protection"": false, ""stalled"": false, ""status"": 131}, ""2"": {""enabled"": true, ""raw"": ""02 3A 83 6B"", ""reached"": true, ""stall_protection"": false, ""stalled"": false, ""status"": 131}, ""3"": {""enabled"": true, ""raw"": ""03 3A 83 6B"", ""reached"": true, ""stall_protection"": false, ""stalled"": false, ""status"": 131}}",D:\ccy\Desktop\Delta_Robot\1 writer_bot\flutter\1.0\write_bot\02_visual\stage2_error_grid\images\0109_z1_x0_y1_r1.jpg,D:\ccy\Desktop\Delta_Robot\1 writer_bot\flutter\1.0\write_bot\02_visual\stage2_error_grid\overlays\0109_z1_x0_y1_r1_overlay.jpg,
110,z1_x0_y2,1,1,0,2,1782973876.1835375,center,-40.0,2.5,65.0,True,-3.6630294922432736,-29.290757872979263,131.76086164461012,-35.8275455165828,2.217659560209683,64.59042695804465,4.172454483417198,-0.2823404397903171,-0.4095730419553547,4.181996238655562,0.13214079480329505,0.13266802552665724,50:20,2.5,True,0.1867532730102539,2.0,1782973876.1838057,-136.25244140625,-72.630615234375,-77.442626953125,-54.5009765625,-29.05224609375,-30.97705078125,True,True,True,"{""1"": {""enabled"": true, ""raw"": ""01 3A 83 6B"", ""reached"": true, ""stall_protection"": false, ""stalled"": false, ""status"": 131}, ""2"": {""enabled"": true, ""raw"": ""02 3A 83 6B"", ""reached"": true, ""stall_protection"": false, ""stalled"": false, ""status"": 131}, ""3"": {""enabled"": true, ""raw"": ""03 3A 83 6B"", ""reached"": true, ""stall_protection"": false, ""stalled"": false, ""status"": 131}}",D:\ccy\Desktop\Delta_Robot\1 writer_bot\flutter\1.0\write_bot\02_visual\stage2_error_grid\images\0110_z1_x0_y2_r1.jpg,D:\ccy\Desktop\Delta_Robot\1 writer_bot\flutter\1.0\write_bot\02_visual\stage2_error_grid\overlays\0110_z1_x0_y2_r1_overlay.jpg,
111,z1_x1_y2,1,1,1,2,1782973879.943594,center,-20.0,2.5,65.0,True,-1.7321032149628133,-10.795755798632761,135.51164393601076,-17.234979819916482,2.54944086396301,68.34120924944528,2.7650201800835177,0.04944086396301017,3.341209249445285,2.7654621666727786,0.3445190686307,0.3472728551147077,50:20,2.5,True,0.21077370643615723,2.0,1782973879.9438906,-112.87353515625,-79.310302734375,-84.012451171875,-45.1494140625,-31.72412109375,-33.60498046875,True,True,True,"{""1"": {""enabled"": true, ""raw"": ""01 3A 83 6B"", ""reached"": true, ""stall_protection"": false, ""stalled"": false, ""status"": 131}, ""2"": {""enabled"": true, ""raw"": ""02 3A 83 6B"", ""reached"": true, ""stall_protection"": false, ""stalled"": false, ""status"": 131}, ""3"": {""enabled"": true, ""raw"": ""03 3A 83 6B"", ""reached"": true, ""stall_protection"": false, ""stalled"": false, ""status"": 131}}",D:\ccy\Desktop\Delta_Robot\1 writer_bot\flutter\1.0\write_bot\02_visual\stage2_error_grid\images\0111_z1_x1_y2_r1.jpg,D:\ccy\Desktop\Delta_Robot\1 writer_bot\flutter\1.0\write_bot\02_visual\stage2_error_grid\overlays\0111_z1_x1_y2_r1_overlay.jpg,
112,z1_x2_y2,1,1,2,2,1782973883.711452,center,0.0,2.5,65.0,True,0.01639741494614011,7.251244381230176,134.81210508325688,0.8955442175511774,2.7380358574603583,67.64167039669141,0.8955442175511774,0.23803585746035827,2.64167039669141,0.926639366218724,0.3221854148512028,0.32668129156782166,50:20,2.5,True,0.20400357246398926,2.0,1782973883.7116363,-90.76904296875,-88.65966796875,-93.36181640625,-36.3076171875,-35.4638671875,-37.3447265625,True,True,True,"{""1"": {""enabled"": true, ""raw"": ""01 3A 83 6B"", ""reached"": true, ""stall_protection"": false, ""stalled"": false, ""status"": 131}, ""2"": {""enabled"": true, ""raw"": ""02 3A 83 6B"", ""reached"": true, ""stall_protection"": false, ""stalled"": false, ""status"": 131}, ""3"": {""enabled"": true, ""raw"": ""03 3A 83 6B"", ""reached"": true, ""stall_protection"": false, ""stalled"": false, ""status"": 131}}",D:\ccy\Desktop\Delta_Robot\1 writer_bot\flutter\1.0\write_bot\02_visual\stage2_error_grid\images\0112_z1_x2_y2_r1.jpg,D:\ccy\Desktop\Delta_Robot\1 writer_bot\flutter\1.0\write_bot\02_visual\stage2_error_grid\overlays\0112_z1_x2_y2_r1_overlay.jpg,
113,z1_x3_y2,1,1,3,2,1782973887.470854,center,20.0,2.5,65.0,True,1.7506592456521126,24.868345859093118,133.66501641744537,18.59653947475228,2.949448920699682,66.4945817308799,-1.40346052524772,0.4494489206996821,1.4945817308799008,1.4736708513934567,0.3653503686753736,0.3672255194937459,50:20,2.5,True,0.192305326461792,2.0,1782973887.4710898,-70.77392578125,-100.447998046875,-105.040283203125,-28.3095703125,-40.17919921875,-42.01611328125,True,True,True,"{""1"": {""enabled"": true, ""raw"": ""01 3A 83 6B"", ""reached"": true, ""stall_protection"": false, ""stalled"": false, ""status"": 131}, ""2"": {""enabled"": true, ""raw"": ""02 3A 83 6B"", ""reached"": true, ""stall_protection"": false, ""stalled"": false, ""status"": 131}, ""3"": {""enabled"": true, ""raw"": ""03 3A 83 6B"", ""reached"": true, ""stall_protection"": false, ""stalled"": false, ""status"": 131}}",D:\ccy\Desktop\Delta_Robot\1 writer_bot\flutter\1.0\write_bot\02_visual\stage2_error_grid\images\0113_z1_x3_y2_r1.jpg,D:\ccy\Desktop\Delta_Robot\1 writer_bot\flutter\1.0\write_bot\02_visual\stage2_error_grid\overlays\0113_z1_x3_y2_r1_overlay.jpg,
114,z1_x4_y2,1,1,4,2,1782973890.989089,center,40.0,2.5,65.0,True,3.3049443089471584,42.630629151514114,133.40422930783012,36.42668600699067,2.969056498505717,66.23379462126465,-3.5733139930093287,0.46905649850571685,1.23379462126465,3.603968214541676,0.2898377550806459,0.29400029810047285,50:20,2.5,True,0.18006563186645508,2.0,1782973890.9893606,-53.37158203125,-114.76318359375,-119.190673828125,-21.3486328125,-45.9052734375,-47.67626953125,True,True,True,"{""1"": {""enabled"": true, ""raw"": ""01 3A 83 6B"", ""reached"": true, ""stall_protection"": false, ""stalled"": false, ""status"": 131}, ""2"": {""enabled"": true, ""raw"": ""02 3A 83 6B"", ""reached"": true, ""stall_protection"": false, ""stalled"": false, ""status"": 131}, ""3"": {""enabled"": true, ""raw"": ""03 3A 83 6B"", ""reached"": true, ""stall_protection"": false, ""stalled"": false, ""status"": 131}}",D:\ccy\Desktop\Delta_Robot\1 writer_bot\flutter\1.0\write_bot\02_visual\stage2_error_grid\images\0114_z1_x4_y2_r1.jpg,D:\ccy\Desktop\Delta_Robot\1 writer_bot\flutter\1.0\write_bot\02_visual\stage2_error_grid\overlays\0114_z1_x4_y2_r1_overlay.jpg,
115,z1_x4_y3,1,1,4,3,1782973894.4934132,center,40.0,13.75,65.0,True,13.465839324376132,41.74657524395434,134.15963238998128,36.420523872292954,13.168335926687742,66.98919770341581,-3.5794761277070464,-0.5816640733122576,1.9891977034158117,3.6264283314311947,0.26179456877310775,0.26468351050914785,50:20,2.5,True,0.18123602867126465,2.0,1782973894.493658,-54.063720703125,-105.40283203125,-129.2431640625,-21.62548828125,-42.1611328125,-51.697265625,True,True,True,"{""1"": {""enabled"": true, ""raw"": ""01 3A 83 6B"", ""reached"": true, ""stall_protection"": false, ""stalled"": false, ""status"": 131}, ""2"": {""enabled"": true, ""raw"": ""02 3A 83 6B"", ""reached"": true, ""stall_protection"": false, ""stalled"": false, ""status"": 131}, ""3"": {""enabled"": true, ""raw"": ""03 3A 83 6B"", ""reached"": true, ""stall_protection"": false, ""stalled"": false, ""status"": 131}}",D:\ccy\Desktop\Delta_Robot\1 writer_bot\flutter\1.0\write_bot\02_visual\stage2_error_grid\images\0115_z1_x4_y3_r1.jpg,D:\ccy\Desktop\Delta_Robot\1 writer_bot\flutter\1.0\write_bot\02_visual\stage2_error_grid\overlays\0115_z1_x4_y3_r1_overlay.jpg,
116,z1_x3_y3,1,1,3,3,1782973898.0036767,center,20.0,13.75,65.0,True,12.388826396093725,24.42230700241589,134.32788954522582,19.067848469894088,13.586526471112643,67.15745485866034,-0.9321515301059122,-0.16347352888735678,2.157454858660344,0.9463773400318072,0.3905343926469183,0.39571662216722125,50:20,2.5,True,0.19488835334777832,2.0,1782973898.0039048,-71.47705078125,-90.845947265625,-115.576171875,-28.5908203125,-36.33837890625,-46.23046875,True,True,True,"{""1"": {""enabled"": true, ""raw"": ""01 3A 83 6B"", ""reached"": true, ""stall_protection"": false, ""stalled"": false, ""status"": 131}, ""2"": {""enabled"": true, ""raw"": ""02 3A 83 6B"", ""reached"": true, ""stall_protection"": false, ""stalled"": false, ""status"": 131}, ""3"": {""enabled"": true, ""raw"": ""03 3A 83 6B"", ""reached"": true, ""stall_protection"": false, ""stalled"": false, ""status"": 131}}",D:\ccy\Desktop\Delta_Robot\1 writer_bot\flutter\1.0\write_bot\02_visual\stage2_error_grid\images\0116_z1_x3_y3_r1.jpg,D:\ccy\Desktop\Delta_Robot\1 writer_bot\flutter\1.0\write_bot\02_visual\stage2_error_grid\overlays\0116_z1_x3_y3_r1_overlay.jpg,
117,z1_x2_y3,1,1,2,3,1782973901.7712505,center,0.0,13.75,65.0,True,10.228912004909684,6.191235495666375,136.03040178240823,0.7185233648801983,13.003888803290634,68.85996709584276,0.7185233648801983,-0.7461111967093661,3.8599670958427623,1.0358367360418557,0.5963936891401345,0.6035725047761265,50:20,2.5,True,0.20131659507751465,2.0,1782973901.7714777,-91.593017578125,-78.837890625,-103.963623046875,-36.63720703125,-31.53515625,-41.58544921875,True,True,True,"{""1"": {""enabled"": true, ""raw"": ""01 3A 83 6B"", ""reached"": true, ""stall_protection"": false, ""stalled"": false, ""status"": 131}, ""2"": {""enabled"": true, ""raw"": ""02 3A 83 6B"", ""reached"": true, ""stall_protection"": false, ""stalled"": false, ""status"": 131}, ""3"": {""enabled"": true, ""raw"": ""03 3A 83 6B"", ""reached"": true, ""stall_protection"": false, ""stalled"": false, ""status"": 131}}",D:\ccy\Desktop\Delta_Robot\1 writer_bot\flutter\1.0\write_bot\02_visual\stage2_error_grid\images\0117_z1_x2_y3_r1.jpg,D:\ccy\Desktop\Delta_Robot\1 writer_bot\flutter\1.0\write_bot\02_visual\stage2_error_grid\overlays\0117_z1_x2_y3_r1_overlay.jpg,
118,z1_x1_y3,1,1,1,3,1782973905.2850382,center,-20.0,13.75,65.0,True,8.852418998198527,-11.457965430744897,132.9559752164269,-16.98365684497503,13.151679723752698,65.78554052986144,3.0163431550249697,-0.5983202762473017,0.7855405298614357,3.075111897449365,0.10225299011932243,0.10432049986234329,50:20,2.5,True,0.20215129852294922,2.0,1782973905.2852924,-113.6865234375,-69.356689453125,-94.98779296875,-45.474609375,-27.74267578125,-37.9951171875,True,True,True,"{""1"": {""enabled"": true, ""raw"": ""01 3A 83 6B"", ""reached"": true, ""stall_protection"": false, ""stalled"": false, ""status"": 131}, ""2"": {""enabled"": true, ""raw"": ""02 3A 83 6B"", ""reached"": true, ""stall_protection"": false, ""stalled"": false, ""status"": 131}, ""3"": {""enabled"": true, ""raw"": ""03 3A 83 6B"", ""reached"": true, ""stall_protection"": false, ""stalled"": false, ""status"": 131}}",D:\ccy\Desktop\Delta_Robot\1 writer_bot\flutter\1.0\write_bot\02_visual\stage2_error_grid\images\0118_z1_x1_y3_r1.jpg,D:\ccy\Desktop\Delta_Robot\1 writer_bot\flutter\1.0\write_bot\02_visual\stage2_error_grid\overlays\0118_z1_x1_y3_r1_overlay.jpg,
119,z1_x0_y3,1,1,0,3,1782973908.7974317,center,-40.0,13.75,65.0,True,6.92680286872251,-29.759424564632983,132.62736417356905,-35.382940846887976,12.80852942953153,65.45692948700358,4.617059153112024,-0.9414705704684696,0.4569294870035776,4.712069827410641,0.4139637431277539,0.4166866104679665,50:20,2.5,True,0.20469355583190918,2.0,1782973908.7975948,-136.768798828125,-62.75390625,-88.41796875,-54.70751953125,-25.1015625,-35.3671875,True,True,True,"{""1"": {""enabled"": true, ""raw"": ""01 3A 83 6B"", ""reached"": true, ""stall_protection"": false, ""stalled"": false, ""status"": 131}, ""2"": {""enabled"": true, ""raw"": ""02 3A 83 6B"", ""reached"": true, ""stall_protection"": false, ""stalled"": false, ""status"": 131}, ""3"": {""enabled"": true, ""raw"": ""03 3A 83 6B"", ""reached"": true, ""stall_protection"": false, ""stalled"": false, ""status"": 131}}",D:\ccy\Desktop\Delta_Robot\1 writer_bot\flutter\1.0\write_bot\02_visual\stage2_error_grid\images\0119_z1_x0_y3_r1.jpg,D:\ccy\Desktop\Delta_Robot\1 writer_bot\flutter\1.0\write_bot\02_visual\stage2_error_grid\overlays\0119_z1_x0_y3_r1_overlay.jpg,
120,z1_x0_y4,1,1,0,4,1782973912.0565336,center,-40.0,25.0,65.0,True,17.034971958351203,-30.919769314309328,130.62219764159323,-35.66890683156371,22.97906067122362,63.45176295502776,4.33109316843629,-2.020939328776379,-1.5482370449722396,4.779389480286223,0.09602980774072409,0.09687950607731338,50:20,2.5,True,0.18502163887023926,2.0,1782973912.0567667,-138.109130859375,-53.76708984375,-100.294189453125,-55.24365234375,-21.5068359375,-40.11767578125,True,True,True,"{""1"": {""enabled"": true, ""raw"": ""01 3A 83 6B"", ""reached"": true, ""stall_protection"": false, ""stalled"": false, ""status"": 131}, ""2"": {""enabled"": true, ""raw"": ""02 3A 83 6B"", ""reached"": true, ""stall_protection"": false, ""stalled"": false, ""status"": 131}, ""3"": {""enabled"": true, ""raw"": ""03 3A 83 6B"", ""reached"": true, ""stall_protection"": false, ""stalled"": false, ""status"": 131}}",D:\ccy\Desktop\Delta_Robot\1 writer_bot\flutter\1.0\write_bot\02_visual\stage2_error_grid\images\0120_z1_x0_y4_r1.jpg,D:\ccy\Desktop\Delta_Robot\1 writer_bot\flutter\1.0\write_bot\02_visual\stage2_error_grid\overlays\0120_z1_x0_y4_r1_overlay.jpg,
121,z1_x1_y4,1,1,1,4,1782973915.818268,center,-20.0,25.0,65.0,True,18.838899809463136,-12.407087614899686,133.34529856877884,-17.069658661478044,23.18279310172671,66.17486388221337,2.9303413385219557,-1.817206898273291,1.1748638822133728,3.4480634088401976,0.052257177269453434,0.05362786862395348,50:20,2.5,True,0.19670414924621582,2.0,1782973915.8184826,-114.93896484375,-60.413818359375,-106.611328125,-45.9755859375,-24.16552734375,-42.64453125,True,True,True,"{""1"": {""enabled"": true, ""raw"": ""01 3A 83 6B"", ""reached"": true, ""stall_protection"": false, ""stalled"": false, ""status"": 131}, ""2"": {""enabled"": true, ""raw"": ""02 3A 83 6B"", ""reached"": true, ""stall_protection"": false, ""stalled"": false, ""status"": 131}, ""3"": {""enabled"": true, ""raw"": ""03 3A 83 6B"", ""reached"": true, ""stall_protection"": false, ""stalled"": false, ""status"": 131}}",D:\ccy\Desktop\Delta_Robot\1 writer_bot\flutter\1.0\write_bot\02_visual\stage2_error_grid\images\0121_z1_x1_y4_r1.jpg,D:\ccy\Desktop\Delta_Robot\1 writer_bot\flutter\1.0\write_bot\02_visual\stage2_error_grid\overlays\0121_z1_x1_y4_r1_overlay.jpg,
122,z1_x2_y4,1,1,2,4,1782973919.3309286,center,0.0,25.0,65.0,True,20.55745890314053,5.500915405329007,133.73048543118497,0.9198068438072657,23.353522024675268,66.5600507446195,0.9198068438072657,-1.646477975324732,1.5600507446195024,1.8859836566481993,0.07343653841264758,0.07455184705610049,50:20,2.5,True,0.19360923767089844,2.0,1782973919.3312023,-92.889404296875,-69.9169921875,-115.367431640625,-37.15576171875,-27.966796875,-46.14697265625,True,True,True,"{""1"": {""enabled"": true, ""raw"": ""01 3A 83 6B"", ""reached"": true, ""stall_protection"": false, ""stalled"": false, ""status"": 131}, ""2"": {""enabled"": true, ""raw"": ""02 3A 83 6B"", ""reached"": true, ""stall_protection"": false, ""stalled"": false, ""status"": 131}, ""3"": {""enabled"": true, ""raw"": ""03 3A 83 6B"", ""reached"": true, ""stall_protection"": false, ""stalled"": false, ""status"": 131}}",D:\ccy\Desktop\Delta_Robot\1 writer_bot\flutter\1.0\write_bot\02_visual\stage2_error_grid\images\0122_z1_x2_y4_r1.jpg,D:\ccy\Desktop\Delta_Robot\1 writer_bot\flutter\1.0\write_bot\02_visual\stage2_error_grid\overlays\0122_z1_x2_y4_r1_overlay.jpg,
123,z1_x3_y4,1,1,3,4,1782973922.843062,center,20.0,25.0,65.0,True,22.057327118110198,23.05798758809435,133.4202661229719,18.54081990237114,23.336578499945233,66.24983143640642,-1.4591800976288596,-1.663421500054767,1.2498314364064242,2.2127308114998128,0.24948345541202788,0.2515771304493271,50:20,2.5,True,0.17943692207336426,2.0,1782973922.8432937,-72.97119140625,-82.056884765625,-126.485595703125,-29.1884765625,-32.82275390625,-50.59423828125,True,True,True,"{""1"": {""enabled"": true, ""raw"": ""01 3A 83 6B"", ""reached"": true, ""stall_protection"": false, ""stalled"": false, ""status"": 131}, ""2"": {""enabled"": true, ""raw"": ""02 3A 83 6B"", ""reached"": true, ""stall_protection"": false, ""stalled"": false, ""status"": 131}, ""3"": {""enabled"": true, ""raw"": ""03 3A 83 6B"", ""reached"": true, ""stall_protection"": false, ""stalled"": false, ""status"": 131}}",D:\ccy\Desktop\Delta_Robot\1 writer_bot\flutter\1.0\write_bot\02_visual\stage2_error_grid\images\0123_z1_x3_y4_r1.jpg,D:\ccy\Desktop\Delta_Robot\1 writer_bot\flutter\1.0\write_bot\02_visual\stage2_error_grid\overlays\0123_z1_x3_y4_r1_overlay.jpg,
124,z1_x4_y4,1,1,4,4,1782973926.3556206,center,40.0,25.0,65.0,True,23.667949016129317,41.034299146925676,132.82911209358429,36.58904960572773,23.393891093921106,65.65867740701881,-3.4109503942722696,-1.6061089060788944,0.6586774070188142,3.7701682204342153,0.3030834548865854,0.30541567480389203,50:20,2.5,True,0.18402934074401855,2.0,1782973926.3558536,-55.458984375,-96.767578125,-139.81201171875,-22.18359375,-38.70703125,-55.9248046875,True,True,True,"{""1"": {""enabled"": true, ""raw"": ""01 3A 83 6B"", ""reached"": true, ""stall_protection"": false, ""stalled"": false, ""status"": 131}, ""2"": {""enabled"": true, ""raw"": ""02 3A 83 6B"", ""reached"": true, ""stall_protection"": false, ""stalled"": false, ""status"": 131}, ""3"": {""enabled"": true, ""raw"": ""03 3A 83 6B"", ""reached"": true, ""stall_protection"": false, ""stalled"": false, ""status"": 131}}",D:\ccy\Desktop\Delta_Robot\1 writer_bot\flutter\1.0\write_bot\02_visual\stage2_error_grid\images\0124_z1_x4_y4_r1.jpg,D:\ccy\Desktop\Delta_Robot\1 writer_bot\flutter\1.0\write_bot\02_visual\stage2_error_grid\overlays\0124_z1_x4_y4_r1_overlay.jpg,
125,z2_x0_y0,1,2,0,0,1782973931.3714507,center,-40.0,-20.0,75.0,True,-24.176824265070856,-28.02393516764951,141.55579251381042,-36.33117289583171,-18.329042735080876,74.38535782724495,3.6688271041682867,1.6709572649191244,-0.6146421727550546,4.031425368460374,0.3591287876627457,0.36328140498224737,50:20,2.5,True,0.17366766929626465,2.0,1782973931.371695,-130.23193359375,-84.364013671875,-44.549560546875,-52.0927734375,-33.74560546875,-17.81982421875,True,True,True,"{""1"": {""enabled"": true, ""raw"": ""01 3A 83 6B"", ""reached"": true, ""stall_protection"": false, ""stalled"": false, ""status"": 131}, ""2"": {""enabled"": true, ""raw"": ""02 3A 83 6B"", ""reached"": true, ""stall_protection"": false, ""stalled"": false, ""status"": 131}, ""3"": {""enabled"": true, ""raw"": ""03 3A 83 6B"", ""reached"": true, ""stall_protection"": false, ""stalled"": false, ""status"": 131}}",D:\ccy\Desktop\Delta_Robot\1 writer_bot\flutter\1.0\write_bot\02_visual\stage2_error_grid\images\0125_z2_x0_y0_r1.jpg,D:\ccy\Desktop\Delta_Robot\1 writer_bot\flutter\1.0\write_bot\02_visual\stage2_error_grid\overlays\0125_z2_x0_y0_r1_overlay.jpg,
126,z2_x1_y0,1,2,1,0,1782973934.8838768,center,-20.0,-20.0,75.0,True,-22.59860690932163,-9.550562100276814,142.63375199634794,-17.79051575527417,-18.3467995538165,75.46331730978247,2.2094842447258287,1.6532004461835008,0.4633173097824681,2.759509438822957,0.146787497246931,0.14776457481621247,50:20,2.5,True,0.17437171936035156,2.0,1782973934.8840992,-105.205078125,-91.3623046875,-51.580810546875,-42.08203125,-36.544921875,-20.63232421875,True,True,True,"{""1"": {""enabled"": true, ""raw"": ""01 3A 83 6B"", ""reached"": true, ""stall_protection"": false, ""stalled"": false, ""status"": 131}, ""2"": {""enabled"": true, ""raw"": ""02 3A 83 6B"", ""reached"": true, ""stall_protection"": false, ""stalled"": false, ""status"": 131}, ""3"": {""enabled"": true, ""raw"": ""03 3A 83 6B"", ""reached"": true, ""stall_protection"": false, ""stalled"": false, ""status"": 131}}",D:\ccy\Desktop\Delta_Robot\1 writer_bot\flutter\1.0\write_bot\02_visual\stage2_error_grid\images\0126_z2_x1_y0_r1.jpg,D:\ccy\Desktop\Delta_Robot\1 writer_bot\flutter\1.0\write_bot\02_visual\stage2_error_grid\overlays\0126_z2_x1_y0_r1_overlay.jpg,
127,z2_x2_y0,1,2,2,0,1782973938.3913035,center,0.0,-20.0,75.0,True,-20.753254707915932,8.47318359129435,142.8649836700852,0.32517671130899073,-18.059710790809604,75.69454898351972,0.32517671130899073,1.9402892091903965,0.6945489835197236,1.9673490053568088,0.42600549978491686,0.4289407801980526,50:20,2.5,True,0.1771397590637207,2.0,1782973938.3914554,-81.441650390625,-101.019287109375,-61.7431640625,-32.57666015625,-40.40771484375,-24.697265625,True,True,True,"{""1"": {""enabled"": true, ""raw"": ""01 3A 83 6B"", ""reached"": true, ""stall_protection"": false, ""stalled"": false, ""status"": 131}, ""2"": {""enabled"": true, ""raw"": ""02 3A 83 6B"", ""reached"": true, ""stall_protection"": false, ""stalled"": false, ""status"": 131}, ""3"": {""enabled"": true, ""raw"": ""03 3A 83 6B"", ""reached"": true, ""stall_protection"": false, ""stalled"": false, ""status"": 131}}",D:\ccy\Desktop\Delta_Robot\1 writer_bot\flutter\1.0\write_bot\02_visual\stage2_error_grid\images\0127_z2_x2_y0_r1.jpg,D:\ccy\Desktop\Delta_Robot\1 writer_bot\flutter\1.0\write_bot\02_visual\stage2_error_grid\overlays\0127_z2_x2_y0_r1_overlay.jpg,
128,z2_x3_y0,1,2,3,0,1782973941.9034693,center,20.0,-20.0,75.0,True,-19.25260281931591,26.490477486400135,142.36219492776016,18.404770853162706,-18.115487660781127,75.19176024119469,-1.595229146837294,1.8845123392188725,0.19176024119468593,2.4690368137367713,0.48882037536965267,0.49033139789601415,50:20,2.5,True,0.17560529708862305,2.0,1782973941.903696,-60.029296875,-113.203125,-74.81689453125,-24.01171875,-45.28125,-29.9267578125,True,True,True,"{""1"": {""enabled"": true, ""raw"": ""01 3A 83 6B"", ""reached"": true, ""stall_protection"": false, ""stalled"": false, ""status"": 131}, ""2"": {""enabled"": true, ""raw"": ""02 3A 83 6B"", ""reached"": true, ""stall_protection"": false, ""stalled"": false, ""status"": 131}, ""3"": {""enabled"": true, ""raw"": ""03 3A 83 6B"", ""reached"": true, ""stall_protection"": false, ""stalled"": false, ""status"": 131}}",D:\ccy\Desktop\Delta_Robot\1 writer_bot\flutter\1.0\write_bot\02_visual\stage2_error_grid\images\0128_z2_x3_y0_r1.jpg,D:\ccy\Desktop\Delta_Robot\1 writer_bot\flutter\1.0\write_bot\02_visual\stage2_error_grid\overlays\0128_z2_x3_y0_r1_overlay.jpg,
129,z2_x4_y0,1,2,4,0,1782973945.414675,center,40.0,-20.0,75.0,False,,,,,,,,,,,,,50:20,2.5,True,0.1886749267578125,2.0,1782973945.4149265,-41.4404296875,-127.4853515625,-90.494384765625,-16.576171875,-50.994140625,-36.19775390625,True,True,True,"{""1"": {""enabled"": true, ""raw"": ""01 3A 83 6B"", ""reached"": true, ""stall_protection"": false, ""stalled"": false, ""status"": 131}, ""2"": {""enabled"": true, ""raw"": ""02 3A 83 6B"", ""reached"": true, ""stall_protection"": false, ""stalled"": false, ""status"": 131}, ""3"": {""enabled"": true, ""raw"": ""03 3A 83 6B"", ""reached"": true, ""stall_protection"": false, ""stalled"": false, ""status"": 131}}",D:\ccy\Desktop\Delta_Robot\1 writer_bot\flutter\1.0\write_bot\02_visual\stage2_error_grid\images\0129_z2_x4_y0_r1.jpg,D:\ccy\Desktop\Delta_Robot\1 writer_bot\flutter\1.0\write_bot\02_visual\stage2_error_grid\overlays\0129_z2_x4_y0_r1_overlay.jpg,no AprilTag detected
130,z2_x4_y1,1,2,4,1,1782973949.2027106,center,40.0,-8.75,75.0,True,-7.134870962520083,43.58054265794809,143.00811914633402,36.474454926619295,-7.513776930600359,75.83768445976855,-3.525545073380705,1.2362230693996414,0.8376844597685533,3.7360026153302988,0.23727351904034177,0.23863024385195236,50:20,2.5,True,0.20639276504516602,2.0,1782973949.2029574,-40.23193359375,-116.4111328125,-100.21728515625,-16.0927734375,-46.564453125,-40.0869140625,True,True,True,"{""1"": {""enabled"": true, ""raw"": ""01 3A 83 6B"", ""reached"": true, ""stall_protection"": false, ""stalled"": false, ""status"": 131}, ""2"": {""enabled"": true, ""raw"": ""02 3A 83 6B"", ""reached"": true, ""stall_protection"": false, ""stalled"": false, ""status"": 131}, ""3"": {""enabled"": true, ""raw"": ""03 3A 83 6B"", ""reached"": true, ""stall_protection"": false, ""stalled"": false, ""status"": 131}}",D:\ccy\Desktop\Delta_Robot\1 writer_bot\flutter\1.0\write_bot\02_visual\stage2_error_grid\images\0130_z2_x4_y1_r1.jpg,D:\ccy\Desktop\Delta_Robot\1 writer_bot\flutter\1.0\write_bot\02_visual\stage2_error_grid\overlays\0130_z2_x4_y1_r1_overlay.jpg,
131,z2_x3_y1,1,2,3,1,1782973952.9412878,center,20.0,-8.75,75.0,True,-8.524970157061338,25.79858414550173,144.27341930691944,18.638838684185085,-7.368114438363881,77.10298462035396,-1.3611613158149147,1.3818855616361194,2.102984620353965,1.9396824052224022,0.34156154506171,0.345131709276045,50:20,2.5,True,0.181229829788208,2.0,1782973952.9415169,-58.787841796875,-101.546630859375,-84.5947265625,-23.51513671875,-40.61865234375,-33.837890625,True,True,True,"{""1"": {""enabled"": true, ""raw"": ""01 3A 83 6B"", ""reached"": true, ""stall_protection"": false, ""stalled"": false, ""status"": 131}, ""2"": {""enabled"": true, ""raw"": ""02 3A 83 6B"", ""reached"": true, ""stall_protection"": false, ""stalled"": false, ""status"": 131}, ""3"": {""enabled"": true, ""raw"": ""03 3A 83 6B"", ""reached"": true, ""stall_protection"": false, ""stalled"": false, ""status"": 131}}",D:\ccy\Desktop\Delta_Robot\1 writer_bot\flutter\1.0\write_bot\02_visual\stage2_error_grid\images\0131_z2_x3_y1_r1.jpg,D:\ccy\Desktop\Delta_Robot\1 writer_bot\flutter\1.0\write_bot\02_visual\stage2_error_grid\overlays\0131_z2_x3_y1_r1_overlay.jpg,
132,z2_x2_y1,1,2,2,1,1782973956.6994805,center,0.0,-8.75,75.0,True,-10.260597773503342,7.629224928920241,144.34788274996038,0.387517797416977,-7.533352001747937,77.1774480633949,0.387517797416977,1.2166479982520633,2.1774480633949054,1.2768721137865209,0.428078428602655,0.43502864021560683,50:20,2.5,True,0.2627139091491699,2.0,1782973956.6997623,-80.44189453125,-88.96728515625,-71.6748046875,-32.1767578125,-35.5869140625,-28.669921875,True,True,True,"{""1"": {""enabled"": true, ""raw"": ""01 3A 83 6B"", ""reached"": true, ""stall_protection"": false, ""stalled"": false, ""status"": 131}, ""2"": {""enabled"": true, ""raw"": ""02 3A 83 6B"", ""reached"": true, ""stall_protection"": false, ""stalled"": false, ""status"": 131}, ""3"": {""enabled"": true, ""raw"": ""03 3A 83 6B"", ""reached"": true, ""stall_protection"": false, ""stalled"": false, ""status"": 131}}",D:\ccy\Desktop\Delta_Robot\1 writer_bot\flutter\1.0\write_bot\02_visual\stage2_error_grid\images\0132_z2_x2_y1_r1.jpg,D:\ccy\Desktop\Delta_Robot\1 writer_bot\flutter\1.0\write_bot\02_visual\stage2_error_grid\overlays\0132_z2_x2_y1_r1_overlay.jpg,
133,z2_x1_y1,1,2,1,1,1782973960.2106032,center,-20.0,-8.75,75.0,True,-12.019216765866481,-10.080409712655836,143.96507849508484,-17.40776376288688,-7.761066928622184,76.79464380851937,2.59223623711312,0.9889330713778159,1.7946438085193677,2.7744688372131967,0.3065646597951792,0.3107936369087117,50:20,2.5,True,0.19573593139648438,2.0,1782973960.2109997,-104.139404296875,-79.024658203125,-61.644287109375,-41.65576171875,-31.60986328125,-24.65771484375,True,True,True,"{""1"": {""enabled"": true, ""raw"": ""01 3A 83 6B"", ""reached"": true, ""stall_protection"": false, ""stalled"": false, ""status"": 131}, ""2"": {""enabled"": true, ""raw"": ""02 3A 83 6B"", ""reached"": true, ""stall_protection"": false, ""stalled"": false, ""status"": 131}, ""3"": {""enabled"": true, ""raw"": ""03 3A 83 6B"", ""reached"": true, ""stall_protection"": false, ""stalled"": false, ""status"": 131}}",D:\ccy\Desktop\Delta_Robot\1 writer_bot\flutter\1.0\write_bot\02_visual\stage2_error_grid\images\0133_z2_x1_y1_r1.jpg,D:\ccy\Desktop\Delta_Robot\1 writer_bot\flutter\1.0\write_bot\02_visual\stage2_error_grid\overlays\0133_z2_x1_y1_r1_overlay.jpg,
134,z2_x0_y1,1,2,0,1,1782973963.7226725,center,-40.0,-8.75,75.0,True,-13.717146464900228,-28.324846392249448,143.09246927885422,-35.73063857590674,-7.882284109599725,75.92203459228875,4.269361424093262,0.8677158904002749,0.9220345922887532,4.35664754553186,0.07532624862152186,0.07594375985432912,50:20,2.5,True,0.1889333724975586,2.0,1782973963.722951,-129.13330078125,-72.09228515625,-54.60205078125,-51.6533203125,-28.8369140625,-21.8408203125,True,True,True,"{""1"": {""enabled"": true, ""raw"": ""01 3A 83 6B"", ""reached"": true, ""stall_protection"": false, ""stalled"": false, ""status"": 131}, ""2"": {""enabled"": true, ""raw"": ""02 3A 83 6B"", ""reached"": true, ""stall_protection"": false, ""stalled"": false, ""status"": 131}, ""3"": {""enabled"": true, ""raw"": ""03 3A 83 6B"", ""reached"": true, ""stall_protection"": false, ""stalled"": false, ""status"": 131}}",D:\ccy\Desktop\Delta_Robot\1 writer_bot\flutter\1.0\write_bot\02_visual\stage2_error_grid\images\0134_z2_x0_y1_r1.jpg,D:\ccy\Desktop\Delta_Robot\1 writer_bot\flutter\1.0\write_bot\02_visual\stage2_error_grid\overlays\0134_z2_x0_y1_r1_overlay.jpg,
135,z2_x0_y2,1,2,0,2,1782973966.9862585,center,-40.0,2.5,75.0,True,-3.9310914799103536,-29.391562466206327,142.34112341268346,-35.951049721957276,1.959269338834107,75.17068872611799,4.0489502780427244,-0.5407306611658931,0.17068872611798724,4.084897550978134,0.527070345760938,0.5299151121520206,50:20,2.5,True,0.20870733261108398,2.0,1782973966.98652,-128.78173828125,-60.5126953125,-65.621337890625,-51.5126953125,-24.205078125,-26.24853515625,True,True,True,"{""1"": {""enabled"": true, ""raw"": ""01 3A 83 6B"", ""reached"": true, ""stall_protection"": false, ""stalled"": false, ""status"": 131}, ""2"": {""enabled"": true, ""raw"": ""02 3A 83 6B"", ""reached"": true, ""stall_protection"": false, ""stalled"": false, ""status"": 131}, ""3"": {""enabled"": true, ""raw"": ""03 3A 83 6B"", ""reached"": true, ""stall_protection"": false, ""stalled"": false, ""status"": 131}}",D:\ccy\Desktop\Delta_Robot\1 writer_bot\flutter\1.0\write_bot\02_visual\stage2_error_grid\images\0135_z2_x0_y2_r1.jpg,D:\ccy\Desktop\Delta_Robot\1 writer_bot\flutter\1.0\write_bot\02_visual\stage2_error_grid\overlays\0135_z2_x0_y2_r1_overlay.jpg,
136,z2_x1_y2,1,2,1,2,1782973970.4969554,center,-20.0,2.5,75.0,True,-1.6671315158217794,-10.997404403477345,144.1776451552261,-17.430287505012004,2.6315285589462913,77.00721046866062,2.5697124949879964,0.13152855894629134,2.0072104686606167,2.573076382215639,0.3499456558493188,0.35489916817776174,50:20,2.5,True,0.17812752723693848,2.0,1782973970.4971993,-103.787841796875,-67.598876953125,-72.7734375,-41.51513671875,-27.03955078125,-29.109375,True,True,True,"{""1"": {""enabled"": true, ""raw"": ""01 3A 83 6B"", ""reached"": true, ""stall_protection"": false, ""stalled"": false, ""status"": 131}, ""2"": {""enabled"": true, ""raw"": ""02 3A 83 6B"", ""reached"": true, ""stall_protection"": false, ""stalled"": false, ""status"": 131}, ""3"": {""enabled"": true, ""raw"": ""03 3A 83 6B"", ""reached"": true, ""stall_protection"": false, ""stalled"": false, ""status"": 131}}",D:\ccy\Desktop\Delta_Robot\1 writer_bot\flutter\1.0\write_bot\02_visual\stage2_error_grid\images\0136_z2_x1_y2_r1.jpg,D:\ccy\Desktop\Delta_Robot\1 writer_bot\flutter\1.0\write_bot\02_visual\stage2_error_grid\overlays\0136_z2_x1_y2_r1_overlay.jpg,
137,z2_x2_y2,1,2,2,2,1782973974.2575562,center,0.0,2.5,75.0,True,-0.15022251683163335,6.868941727907401,144.96864786026813,0.500318455858944,2.6049414635211052,77.79821317370266,0.500318455858944,0.10494146352110523,2.7982131737026634,0.5112057003193817,0.5063826917886268,0.5102258719937747,50:20,2.5,True,0.17963910102844238,2.0,1782973974.2578056,-80.068359375,-77.67333984375,-82.628173828125,-32.02734375,-31.0693359375,-33.05126953125,True,True,True,"{""1"": {""enabled"": true, ""raw"": ""01 3A 83 6B"", ""reached"": true, ""stall_protection"": false, ""stalled"": false, ""status"": 131}, ""2"": {""enabled"": true, ""raw"": ""02 3A 83 6B"", ""reached"": true, ""stall_protection"": false, ""stalled"": false, ""status"": 131}, ""3"": {""enabled"": true, ""raw"": ""03 3A 83 6B"", ""reached"": true, ""stall_protection"": false, ""stalled"": false, ""status"": 131}}",D:\ccy\Desktop\Delta_Robot\1 writer_bot\flutter\1.0\write_bot\02_visual\stage2_error_grid\images\0137_z2_x2_y2_r1.jpg,D:\ccy\Desktop\Delta_Robot\1 writer_bot\flutter\1.0\write_bot\02_visual\stage2_error_grid\overlays\0137_z2_x2_y2_r1_overlay.jpg,
138,z2_x3_y2,1,2,3,2,1782973977.7711604,center,20.0,2.5,75.0,True,1.7203793709939053,24.782937536376696,144.72849915971327,18.508841764939664,2.9266330470111583,77.5580644731478,-1.491158235060336,0.42663304701115834,2.5580644731477946,1.5509895675955663,0.006398068652360396,0.006457040404544464,50:20,2.5,True,0.18399310111999512,2.0,1782973977.7714505,-58.33740234375,-90.472412109375,-95.38330078125,-23.3349609375,-36.18896484375,-38.1533203125,True,True,True,"{""1"": {""enabled"": true, ""raw"": ""01 3A 83 6B"", ""reached"": true, ""stall_protection"": false, ""stalled"": false, ""status"": 131}, ""2"": {""enabled"": true, ""raw"": ""02 3A 83 6B"", ""reached"": true, ""stall_protection"": false, ""stalled"": false, ""status"": 131}, ""3"": {""enabled"": true, ""raw"": ""03 3A 83 6B"", ""reached"": true, ""stall_protection"": false, ""stalled"": false, ""status"": 131}}",D:\ccy\Desktop\Delta_Robot\1 writer_bot\flutter\1.0\write_bot\02_visual\stage2_error_grid\images\0138_z2_x3_y2_r1.jpg,D:\ccy\Desktop\Delta_Robot\1 writer_bot\flutter\1.0\write_bot\02_visual\stage2_error_grid\overlays\0138_z2_x3_y2_r1_overlay.jpg,
139,z2_x4_y2,1,2,4,2,1782973981.2805126,center,40.0,2.5,75.0,True,3.379510301563192,42.40816074687464,143.21213763341288,36.2114616332954,3.0624949664144063,76.04170294684741,-3.7885383667046,0.5624949664144063,1.0417029468474084,3.830068347070885,0.3922881764082513,0.39598326404586803,50:20,2.5,True,0.180617094039917,2.0,1782973981.2807493,-40.01220703125,-105.8917236328125,-110.533447265625,-16.0048828125,-42.356689453125,-44.21337890625,True,True,True,"{""1"": {""enabled"": true, ""raw"": ""01 3A 83 6B"", ""reached"": true, ""stall_protection"": false, ""stalled"": false, ""status"": 131}, ""2"": {""enabled"": true, ""raw"": ""02 3A 83 6B"", ""reached"": true, ""stall_protection"": false, ""stalled"": false, ""status"": 131}, ""3"": {""enabled"": true, ""raw"": ""03 3A 83 6B"", ""reached"": true, ""stall_protection"": false, ""stalled"": false, ""status"": 131}}",D:\ccy\Desktop\Delta_Robot\1 writer_bot\flutter\1.0\write_bot\02_visual\stage2_error_grid\images\0139_z2_x4_y2_r1.jpg,D:\ccy\Desktop\Delta_Robot\1 writer_bot\flutter\1.0\write_bot\02_visual\stage2_error_grid\overlays\0139_z2_x4_y2_r1_overlay.jpg,
140,z2_x4_y3,1,2,4,3,1782973984.7994184,center,40.0,13.75,75.0,True,13.427113028908437,41.685510222214766,143.97926565156354,36.35635207945622,13.135009603085734,76.80883096499807,-3.6436479205437777,-0.6149903969142656,1.8088309649980658,3.695183805601524,0.3360423292802192,0.33887296626487595,50:20,2.5,True,0.1926722526550293,2.0,1782973984.799662,-40.660400390625,-95.712890625,-121.3330078125,-16.26416015625,-38.28515625,-48.533203125,True,True,True,"{""1"": {""enabled"": true, ""raw"": ""01 3A 83 6B"", ""reached"": true, ""stall_protection"": false, ""stalled"": false, ""status"": 131}, ""2"": {""enabled"": true, ""raw"": ""02 3A 83 6B"", ""reached"": true, ""stall_protection"": false, ""stalled"": false, ""status"": 131}, ""3"": {""enabled"": true, ""raw"": ""03 3A 83 6B"", ""reached"": true, ""stall_protection"": false, ""stalled"": false, ""status"": 131}}",D:\ccy\Desktop\Delta_Robot\1 writer_bot\flutter\1.0\write_bot\02_visual\stage2_error_grid\images\0140_z2_x4_y3_r1.jpg,D:\ccy\Desktop\Delta_Robot\1 writer_bot\flutter\1.0\write_bot\02_visual\stage2_error_grid\overlays\0140_z2_x4_y3_r1_overlay.jpg,
141,z2_x3_y3,1,2,3,3,1782973988.5578814,center,20.0,13.75,75.0,True,12.294723824202316,24.135471648061134,143.61799918464013,18.773977700847183,13.517462836367715,76.44756449807466,-1.2260222991528167,-0.23253716363228527,1.4475644980746551,1.247879886243106,0.16206708317100277,0.1632575959841202,50:20,2.5,True,0.2060258388519287,2.0,1782973988.5581458,-59.30419921875,-80.057373046875,-106.67724609375,-23.7216796875,-32.02294921875,-42.6708984375,True,True,True,"{""1"": {""enabled"": true, ""raw"": ""01 3A 83 6B"", ""reached"": true, ""stall_protection"": false, ""stalled"": false, ""status"": 131}, ""2"": {""enabled"": true, ""raw"": ""02 3A 83 6B"", ""reached"": true, ""stall_protection"": false, ""stalled"": false, ""status"": 131}, ""3"": {""enabled"": true, ""raw"": ""03 3A 83 6B"", ""reached"": true, ""stall_protection"": false, ""stalled"": false, ""status"": 131}}",D:\ccy\Desktop\Delta_Robot\1 writer_bot\flutter\1.0\write_bot\02_visual\stage2_error_grid\images\0141_z2_x3_y3_r1.jpg,D:\ccy\Desktop\Delta_Robot\1 writer_bot\flutter\1.0\write_bot\02_visual\stage2_error_grid\overlays\0141_z2_x3_y3_r1_overlay.jpg,
142,z2_x2_y3,1,2,2,3,1782973992.0714264,center,0.0,13.75,75.0,True,10.323483508837983,6.228835407532429,144.43144177096437,0.7641240773562225,13.09487285546064,77.2610070843989,0.7641240773562225,-0.6551271445393603,2.261007084398898,1.0065173526113667,0.22600996201072066,0.22939845117156976,50:20,2.5,True,0.20144248008728027,2.0,1782973992.071666,-80.7659912109375,-67.1484375,-94.251708984375,-32.306396484375,-26.859375,-37.70068359375,True,True,True,"{""1"": {""enabled"": true, ""raw"": ""01 3A 83 6B"", ""reached"": true, ""stall_protection"": false, ""stalled"": false, ""status"": 131}, ""2"": {""enabled"": true, ""raw"": ""02 3A 83 6B"", ""reached"": true, ""stall_protection"": false, ""stalled"": false, ""status"": 131}, ""3"": {""enabled"": true, ""raw"": ""03 3A 83 6B"", ""reached"": true, ""stall_protection"": false, ""stalled"": false, ""status"": 131}}",D:\ccy\Desktop\Delta_Robot\1 writer_bot\flutter\1.0\write_bot\02_visual\stage2_error_grid\images\0142_z2_x2_y3_r1.jpg,D:\ccy\Desktop\Delta_Robot\1 writer_bot\flutter\1.0\write_bot\02_visual\stage2_error_grid\overlays\0142_z2_x2_y3_r1_overlay.jpg,
143,z2_x1_y3,1,2,1,3,1782973995.830871,center,-20.0,13.75,75.0,True,8.453878002683549,-11.592864186637925,144.12457515581585,-17.1523598044713,12.766229453413246,76.95414046925038,2.847640195528701,-0.9837705465867543,1.954140469250376,3.0127826293183415,0.308444120949522,0.31114814265597573,50:20,2.5,True,0.2365889549255371,2.0,1782973995.8310127,-104.468994140625,-56.986083984375,-84.52880859375,-41.78759765625,-22.79443359375,-33.8115234375,True,True,True,"{""1"": {""enabled"": true, ""raw"": ""01 3A 83 6B"", ""reached"": true, ""stall_protection"": false, ""stalled"": false, ""status"": 131}, ""2"": {""enabled"": true, ""raw"": ""02 3A 83 6B"", ""reached"": true, ""stall_protection"": false, ""stalled"": false, ""status"": 131}, ""3"": {""enabled"": true, ""raw"": ""03 3A 83 6B"", ""reached"": true, ""stall_protection"": false, ""stalled"": false, ""status"": 131}}",D:\ccy\Desktop\Delta_Robot\1 writer_bot\flutter\1.0\write_bot\02_visual\stage2_error_grid\images\0143_z2_x1_y3_r1.jpg,D:\ccy\Desktop\Delta_Robot\1 writer_bot\flutter\1.0\write_bot\02_visual\stage2_error_grid\overlays\0143_z2_x1_y3_r1_overlay.jpg,
144,z2_x0_y3,1,2,0,3,1782973999.3522918,center,-40.0,13.75,75.0,True,6.728791378031264,-30.017135654839464,142.7741554574492,-35.656739523748584,12.633435623214567,75.60372077088374,4.343260476251416,-1.1165643767854334,0.60372077088374,4.484487436940137,0.06332037338487782,0.06409809444692306,50:20,2.5,True,0.17500853538513184,2.0,1782973999.3525212,-129.5947265625,-49.94384765625,-77.486572265625,-51.837890625,-19.9775390625,-30.99462890625,True,True,True,"{""1"": {""enabled"": true, ""raw"": ""01 3A 83 6B"", ""reached"": true, ""stall_protection"": false, ""stalled"": false, ""status"": 131}, ""2"": {""enabled"": true, ""raw"": ""02 3A 83 6B"", ""reached"": true, ""stall_protection"": false, ""stalled"": false, ""status"": 131}, ""3"": {""enabled"": true, ""raw"": ""03 3A 83 6B"", ""reached"": true, ""stall_protection"": false, ""stalled"": false, ""status"": 131}}",D:\ccy\Desktop\Delta_Robot\1 writer_bot\flutter\1.0\write_bot\02_visual\stage2_error_grid\images\0144_z2_x0_y3_r1.jpg,D:\ccy\Desktop\Delta_Robot\1 writer_bot\flutter\1.0\write_bot\02_visual\stage2_error_grid\overlays\0144_z2_x0_y3_r1_overlay.jpg,
145,z2_x0_y4,1,2,0,4,1782974002.8581648,center,-40.0,25.0,75.0,False,,,,,,,,,,,,,50:20,2.5,True,0.17867469787597656,2.0,1782974002.858423,-130.902099609375,-40.4296875,-90.164794921875,-52.36083984375,-16.171875,-36.06591796875,True,True,True,"{""1"": {""enabled"": true, ""raw"": ""01 3A 83 6B"", ""reached"": true, ""stall_protection"": false, ""stalled"": false, ""status"": 131}, ""2"": {""enabled"": true, ""raw"": ""02 3A 83 6B"", ""reached"": true, ""stall_protection"": false, ""stalled"": false, ""status"": 131}, ""3"": {""enabled"": true, ""raw"": ""03 3A 83 6B"", ""reached"": true, ""stall_protection"": false, ""stalled"": false, ""status"": 131}}",D:\ccy\Desktop\Delta_Robot\1 writer_bot\flutter\1.0\write_bot\02_visual\stage2_error_grid\images\0145_z2_x0_y4_r1.jpg,D:\ccy\Desktop\Delta_Robot\1 writer_bot\flutter\1.0\write_bot\02_visual\stage2_error_grid\overlays\0145_z2_x0_y4_r1_overlay.jpg,no AprilTag detected
146,z2_x1_y4,1,2,1,4,1782974006.3639672,center,-20.0,25.0,75.0,True,18.574524272879835,-12.615406550466368,144.33352124876254,-17.299960860811826,22.937330069395227,77.16308656219707,2.700039139188174,-2.0626699306047733,2.1630865621970656,3.3977667070840982,0.21370750497661767,0.21559901200756112,50:20,2.5,True,0.19997262954711914,2.0,1782974006.3642156,-106.06201171875,-47.340087890625,-97.0751953125,-42.4248046875,-18.93603515625,-38.830078125,True,True,True,"{""1"": {""enabled"": true, ""raw"": ""01 3A 83 6B"", ""reached"": true, ""stall_protection"": false, ""stalled"": false, ""status"": 131}, ""2"": {""enabled"": true, ""raw"": ""02 3A 83 6B"", ""reached"": true, ""stall_protection"": false, ""stalled"": false, ""status"": 131}, ""3"": {""enabled"": true, ""raw"": ""03 3A 83 6B"", ""reached"": true, ""stall_protection"": false, ""stalled"": false, ""status"": 131}}",D:\ccy\Desktop\Delta_Robot\1 writer_bot\flutter\1.0\write_bot\02_visual\stage2_error_grid\images\0146_z2_x1_y4_r1.jpg,D:\ccy\Desktop\Delta_Robot\1 writer_bot\flutter\1.0\write_bot\02_visual\stage2_error_grid\overlays\0146_z2_x1_y4_r1_overlay.jpg,
147,z2_x2_y4,1,2,2,4,1782974009.8822005,center,0.0,25.0,75.0,True,20.30062852870602,5.376621655557496,145.23495634068044,0.7738674344082996,23.108343587106393,78.06452165411497,0.7738674344082996,-1.8916564128936066,3.0645216541149694,2.043828464054455,0.14623738461256566,0.14840591184789143,50:20,2.5,True,0.1917104721069336,2.0,1782974009.8824842,-82.364501953125,-57.54638671875,-106.50146484375,-32.94580078125,-23.0185546875,-42.6005859375,True,True,True,"{""1"": {""enabled"": true, ""raw"": ""01 3A 83 6B"", ""reached"": true, ""stall_protection"": false, ""stalled"": false, ""status"": 131}, ""2"": {""enabled"": true, ""raw"": ""02 3A 83 6B"", ""reached"": true, ""stall_protection"": false, ""stalled"": false, ""status"": 131}, ""3"": {""enabled"": true, ""raw"": ""03 3A 83 6B"", ""reached"": true, ""stall_protection"": false, ""stalled"": false, ""status"": 131}}",D:\ccy\Desktop\Delta_Robot\1 writer_bot\flutter\1.0\write_bot\02_visual\stage2_error_grid\images\0147_z2_x2_y4_r1.jpg,D:\ccy\Desktop\Delta_Robot\1 writer_bot\flutter\1.0\write_bot\02_visual\stage2_error_grid\overlays\0147_z2_x2_y4_r1_overlay.jpg,
148,z2_x3_y4,1,2,3,4,1782974013.3883786,center,20.0,25.0,75.0,True,22.183176857198468,22.9091547287979,144.1054989051355,18.403372087347865,23.47477211405337,76.93506421857003,-1.596627912652135,-1.5252278859466308,1.9350642185700337,2.208062679257349,0.31039659690233806,0.313078539864626,50:20,2.5,True,0.17601275444030762,2.0,1782974013.3885994,-60.8203125,-70.543212890625,-118.509521484375,-24.328125,-28.21728515625,-47.40380859375,True,True,True,"{""1"": {""enabled"": true, ""raw"": ""01 3A 83 6B"", ""reached"": true, ""stall_protection"": false, ""stalled"": false, ""status"": 131}, ""2"": {""enabled"": true, ""raw"": ""02 3A 83 6B"", ""reached"": true, ""stall_protection"": false, ""stalled"": false, ""status"": 131}, ""3"": {""enabled"": true, ""raw"": ""03 3A 83 6B"", ""reached"": true, ""stall_protection"": false, ""stalled"": false, ""status"": 131}}",D:\ccy\Desktop\Delta_Robot\1 writer_bot\flutter\1.0\write_bot\02_visual\stage2_error_grid\images\0148_z2_x3_y4_r1.jpg,D:\ccy\Desktop\Delta_Robot\1 writer_bot\flutter\1.0\write_bot\02_visual\stage2_error_grid\overlays\0148_z2_x3_y4_r1_overlay.jpg,
149,z2_x4_y4,1,2,4,4,1782974017.1623583,center,40.0,25.0,75.0,True,23.65779340064934,40.44654406742184,144.97241904122836,36.002601786928835,23.43436486115814,77.80198435466289,-3.9973982130711647,-1.5656351388418592,2.801984354662892,4.293064856468035,0.14401593593871131,0.14454515655082975,50:20,2.5,True,0.35539698600769043,2.0,1782974017.1625938,-42.275390625,-86.41845703125,-132.626953125,-16.91015625,-34.5673828125,-53.05078125,True,True,True,"{""1"": {""enabled"": true, ""raw"": ""01 3A 83 6B"", ""reached"": true, ""stall_protection"": false, ""stalled"": false, ""status"": 131}, ""2"": {""enabled"": true, ""raw"": ""02 3A 83 6B"", ""reached"": true, ""stall_protection"": false, ""stalled"": false, ""status"": 131}, ""3"": {""enabled"": true, ""raw"": ""03 3A 83 6B"", ""reached"": true, ""stall_protection"": false, ""stalled"": false, ""status"": 131}}",D:\ccy\Desktop\Delta_Robot\1 writer_bot\flutter\1.0\write_bot\02_visual\stage2_error_grid\images\0149_z2_x4_y4_r1.jpg,D:\ccy\Desktop\Delta_Robot\1 writer_bot\flutter\1.0\write_bot\02_visual\stage2_error_grid\overlays\0149_z2_x4_y4_r1_overlay.jpg,
